AppID;Name;Release_Date;Primary_Genre;All_Tags;Price_USD;Review_Score_Pct_SteamDB;Total_Reviews;Estimated_Owners;24h_Peak_Players;ADPG
730;Counter-Strike 2;21/8/2012;Action;"FPS;Shooter;Multiplayer;Competitive;Action;Team-Based;eSports;Tactical;First-Person;PvP";0;85,88;9581724;287451720;1266980;0
2868840;Slay the Spire 2;5/3/2026;Indie;"Strategy;Roguelike;Card Game;Deckbuilding;Co-op;Roguelike Deckbuilder;Card Battler;Turn-Based Combat;Multiplayer;Dungeon Crawler";24,99;61,91;164341;4930230;195756;0,3
3321460;Crimson Desert;19/3/2026;Action;"Action;Open World;Singleplayer;Adventure;Combat;Exploration;Dragons;Story Rich;Action-Adventure;Third Person";69,99;83,15;147201;4416030;78147;0,3
3065800;Marathon;5/3/2026;Action;"Extraction Shooter;PvP;Multiplayer;Sci-fi;Shooter;FPS;Futuristic;Action;First-Person;PvE";39,99;83,84;48070;1442100;14105;0,3
3764200;Resident Evil Requiem;26/2/2026;Action;"Survival Horror;Zombies;Horror;Third-Person Shooter;Action;FPS;First-Person;Action-Adventure;Cinematic;Realistic";69,99;94,9;167910;5037300;8781;0,3
2157830;John Carpenter's Toxic Commando;12/3/2026;Action;"Zombies;Shooter;Online Co-Op;FPS;PvE;Action;Adventure;Looter Shooter;Action-Adventure;First-Person";39,99;74,45;6351;190530;868;0,3
1144200;Ready or Not;13/12/2023;Action;"Tactical;Realistic;FPS;Shooter;Multiplayer;Singleplayer;Co-op;Horror;First-Person;Action";49,99;77,21;327230;9816900;11923;0,3
1172470;Apex Legends™;4/11/2020;Action;"Free to Play;Multiplayer;Battle Royale;FPS;Shooter;First-Person;PvP;Action;Hero Shooter;Team-Based";0;67,35;1045332;31359960;218621;0
1808500;ARC Raiders;30/10/2025;Action;"Extraction Shooter;Multiplayer;PvE;PvP;Third-Person Shooter;Post-apocalyptic;Shooter;Online Co-Op;Survival;Sci-fi";39,99;82,82;391510;11745300;102710;0,3
2852190;Monster Hunter Stories 3: Twisted Reflection;12/3/2026;Adventure;"RPG;Creature Collector;JRPG;Exploration;Turn-Based Combat;Cartoony;Adventure;Dragons;Character Customization;Singleplayer";69,99;78,8;7642;229260;1936;0,3
1167630;Teardown;21/4/2022;Action;"Destruction;Physics;Sandbox;Voxel;Multiplayer;Heist;Singleplayer;Indie;Replay Value;First-Person";29,99;94,29;129508;3885240;3888;0,3
2552430;KINGDOM HEARTS -HD 1.5+2.5 ReMIX-;13/6/2024;Action;"Action;RPG;Adventure;JRPG;Great Soundtrack;Action-Adventure;Emotional;Story Rich;Singleplayer;Fantasy";49,99;83,65;10110;303300;2406;0,3
4069520;Super Battle Golf;19/2/2026;Casual;"Multiplayer;Online Co-Op;Co-op;Sports;Physics;Exploration;Comedy;3D;Action;Adventure";7,99;90,98;8176;245280;4936;0,3
2767030;Marvel Rivals;5/12/2024;Action;"Free to Play;Multiplayer;Hero Shooter;Third-Person Shooter;Superhero;PvP;Action;Team-Based;Competitive;Shooter";0;76,13;385365;11560950;95837;0
1222670;The Sims™ 4;18/6/2020;Adventure;"Life Sim;Free to Play;Character Customization;Building;Simulation;Romance;Singleplayer;Sandbox;Dating Sim;Relaxing";0;85,63;193736;5812080;30163;0
2778610;Over The Top: WWI;6/3/2026;Action;"Multiplayer;Action;World War I;Third-Person Shooter;FPS;Shooter;Historical;Simulation;3D;Cinematic";19,14;82,92;5912;177360;1219;0,3
359550;Tom Clancy's Rainbow Six Siege;1/12/2015;Action;"FPS;PvP;Multiplayer;Shooter;Tactical;eSports;Competitive;Online Co-Op;Action;Hero Shooter";0;82,02;1509444;45283320;88442;0
553850;HELLDIVERS™ 2;8/2/2024;Action;"Online Co-Op;PvE;Third-Person Shooter;Multiplayer;Shooter;Action;Co-op;Sci-fi;Extraction Shooter;Capitalism";39,99;75,43;1135953;34078590;44536;0,3
230410;Warframe;25/3/2013;Action;"Free to Play;Looter Shooter;Action RPG;Third-Person Shooter;Action;RPG;Third Person;Massively Multiplayer;Online Co-Op;Character Customization";0;86,68;667189;20015670;71280;0
2357570;Overwatch®;10/8/2023;Action;"Free to Play;Hero Shooter;FPS;Multiplayer;Team-Based;MOBA;First-Person;Third-Person Shooter;Third Person;PvP";0;30,25;397848;11935440;65443;0
236390;War Thunder;15/8/2013;Action;"Free to Play;Simulation;Vehicular Combat;Combat;Flight;World War II;VR;War;Military;Tanks";0;64,69;870000;26100000;78557;0
3472040;NBA 2K26;4/9/2025;Sports;"Gambling;Sports;Basketball;Simulation;eSports;3D;Multiplayer;Controller;Singleplayer;Character Customization";33;65,31;20931;627930;35945;0,3
1462040;FINAL FANTASY VII REMAKE INTERGRADE;17/6/2022;Action;"RPG;JRPG;Action RPG;Singleplayer;Action-Adventure;Party-Based RPG;Spectacle fighter;Third Person;Action;Adventure";39,99;86,26;46368;1391040;1826;0,3
3240220;Grand Theft Auto V Enhanced;4/3/2025;Action;"Open World;Action;Sexual Content;Multiplayer;Crime;Mature;Shooter;Third Person;First-Person;Adventure";29,99;81,19;179074;5372220;64410;0,3
1149460;ICARUS;3/12/2021;Action;"Survival;Open World Survival Craft;Multiplayer;Base Building;Online Co-Op;Crafting;Open World;Exploration;Building;Co-op";34,99;73,54;63495;1904850;8295;0,3
2975950;Solasta II;12/3/2026;Adventure;"Early Access;Adventure;RPG;Strategy;Party-Based RPG;Turn-Based Strategy;CRPG;Strategy RPG;3D;Top-Down";39,99;73,62;2607;78210;144;0,3
1086940;Baldur's Gate 3;3/8/2023;Adventure;"RPG;Character Customization;Choices Matter;Dungeons & Dragons;Turn-Based Combat;Story Rich;Sexual Content;CRPG;Fantasy;Adventure";59,99;96,04;837240;25117200;52148;0,3
3564740;Where Winds Meet;14/11/2025;Action;"Open World;Free to Play;Multiplayer;Souls-like;Action RPG;Online Co-Op;MMORPG;Adventure;Action;Story Rich";0;85,74;108668;3260040;37556;0
252490;Rust;8/2/2018;Action;"Survival;Crafting;Multiplayer;Open World;Open World Survival Craft;Building;PvP;Sandbox;Adventure;First-Person";39,99;86,46;1355622;40668660;123379;0,3
381210;Dead by Daylight;14/6/2016;Action;"Horror;Multiplayer;Survival Horror;Online Co-Op;Co-op;Survival;Gore;Team-Based;Blood;Third Person";19,99;78,1;895298;26858940;70595;0,3
686060;Mewgenics;10/2/2026;Adventure;"Turn-Based Tactics;Roguelite;Turn-Based Strategy;Dark Humor;Cats;RPG;Turn-Based Combat;Funny;Cute;2D";29,99;90,36;46431;1392930;10732;0,3
2833580;BRAVELY DEFAULT FLYING FAIRY HD Remaster;12/3/2026;RPG;"RPG;Violent;JRPG;Party-Based RPG;Fantasy;Anime;Singleplayer;Turn-Based;Class-Based;Character Customization";39,99;86,78;690;20700;248;0,3
1158310;Crusader Kings III;1/9/2020;RPG;"Strategy;Medieval;Grand Strategy;Simulation;RPG;Historical;Management;Character Customization;Life Sim;Sandbox";49,99;88,65;142847;4285410;26820;0,3
3164500;Schedule I;24/3/2025;Action;"Simulation;Co-op;Crime;Management;Multiplayer;Open World;First-Person;Crafting;Automation;Base Building";19,99;96,81;296361;8890830;22529;0,3
3717070;WWE 2K26;12/3/2026;Simulation;"Simulation;Sports;3D Fighter;Wrestling;Sandbox;Character Customization;Multiplayer";69,99;52,12;2256;67680;1773;0,3
376210;The Isle;1/12/2015;Action;"Dinosaurs;Survival;Open World;Multiplayer;Simulation;Hunting;Realistic;Massively Multiplayer;Adventure;Early Access";19,99;79,33;110689;3320670;16803;0,3
1062090;Timberborn;12/3/2026;Indie;"City Builder;Colony Sim;Voxel;Automation;Nature;Sandbox;Building;Management;Base Building;Survival";34,99;93,94;39374;1181220;7020;0,3
2050650;Resident Evil 4;23/3/2023;Action;"Horror;Action;Survival Horror;Third-Person Shooter;Singleplayer;Zombies;Story Rich;Survival;Dark;Remake";39,99;96,14;247751;7432530;15537;0,3
2344520;Diablo® IV;17/10/2023;Action;"Action RPG;Hack and Slash;Loot;Isometric;RPG;Online Co-Op;Dungeon Crawler;Singleplayer;Co-op;Multiplayer";49,99;64,04;69058;2071740;53996;0,3
524220;NieR:Automata™;17/3/2017;Action;"Hack and Slash;RPG;Great Soundtrack;Story Rich;Female Protagonist;Action;Spectacle fighter;Open World;JRPG;Anime";39,99;86,32;150404;4512120;1279;0,3
1245620;ELDEN RING;24/2/2022;Action;"Souls-like;Open World;Dark Fantasy;RPG;Difficult;Action RPG;Multiplayer;Third Person;Fantasy;Singleplayer";59,99;92,39;1130569;33917070;37523;0,3
3280350;DEATH STRANDING 2: ON THE BEACH;19/3/2026;Action;"Exploration;Cinematic;Story Rich;Sci-fi;Open World;Action;Third-Person Shooter;Action-Adventure;Adventure;Third Person";69,99;93,4;20861;625830;9750;0,3
2515020;FINAL FANTASY XVI;17/9/2024;Action;"Action RPG;Story Rich;Spectacle fighter;JRPG;Action;Fantasy;Dark Fantasy;Singleplayer;RPG;Cinematic";49,99;77,48;30587;917610;1776;0,3
1004640;FINAL FANTASY TACTICS - The Ivalice Chronicles;30/9/2025;RPG;"Turn-Based Strategy;Turn-Based Tactics;Tactical RPG;Fantasy;Medieval;Story Rich;JRPG;Emotional;Strategy RPG;RPG";49,99;87,02;6032;180960;802;0,3
3643170;Roadside Research;12/2/2026;Casual;"Early Access;Online Co-Op;Funny;Immersive Sim;Aliens;Multiplayer;Simulation;Management;First-Person;America";12,99;83,4;3395;101850;1114;0,3
2909400;FINAL FANTASY VII REBIRTH;23/1/2025;Action;"RPG;Action;Adventure;JRPG;Singleplayer;Open World;Action RPG;Party-Based RPG;Action-Adventure;Story Rich";49,99;75,22;30335;910050;1740;0,3
1721470;Poppy Playtime;12/10/2021;Action;"Horror;Singleplayer;Free to Play;Puzzle;First-Person;Survival Horror;Dark;Psychological Horror;Mystery;Survival";0;86,72;137056;4111680;2339;0
699130;World War Z;21/9/2021;Action;"Zombies;Multiplayer;Online Co-Op;Singleplayer;Action;Co-op;Shooter;Third-Person Shooter;PvE;Survival Horror";29,99;81,26;30598;917940;2794;0,3
3405690;EA SPORTS FC™ 26;25/9/2025;Simulation;"Football (Soccer);Sports;Multiplayer;Simulation;Singleplayer;Controller;Competitive;Local Co-Op;Realistic;Online Co-Op";40;46,29;62161;1864830;68649;0,3
2141910;Magic: The Gathering Arena;23/5/2023;Strategy;"Card Game;Free To Play;Trading Card Game; Deckbuilding;PvP;Multiplayer;Turn-Based Strategy;Fantasy;Magic;eSports;Tactical";0;60,94;28246;847380;11381;0
2807960;Battlefield™ 6;10/10/2025;Action;"Multiplayer;FPS;Action;Military;Singleplayer;Shooter;War;Modern;Combat;Realistic";69,99;65,16;338427;10152810;42858;0,3
3241660;R.E.P.O.;26/2/2025;Action;"Horror;Online Co-Op;Multiplayer;Comedy;Co-op;Physics;First-Person;3D;Stealth;Survival";9,99;95,21;380613;11418390;40004;0,3
990080;Hogwarts Legacy;10/2/2023;Action;"Magic;Open World;Fantasy;Singleplayer;Adventure;RPG;Character Customization;Exploration;Story Rich;Third Person";59,99;89,01;365803;10974090;6836;0,3
526870;Satisfactory;10/9/2024;Adventure;"Base Building;Automation;Open World;Crafting;Multiplayer;Co-op;Building;Resource Management;Sandbox;Exploration";39,99;96,16;268979;8069370;24962;0,3
39210;FINAL FANTASY XIV Online;18/2/2014;Massively Multiplayer;"MMORPG;RPG;Character Customization;Fantasy;JRPG;Open World;Story Rich;Multiplayer;Online Co-op;Magic";19,99;85,31;84254;2527620;31329;0,3
1151340;Fallout 76;14/4/2020;RPG;"Open World;Multiplayer;Post-apocalyptic;RPG;Dark Comedy;Capitalism;Survival;Base Building;Co-op;Shooter";39,99;71,42;138320;4149600;9160;0,3
3224770;Umamusume: Pretty Derby;24/6/2025;Simulation;"Anime;Horses;Cute;Free to Play;Gambling;Rougelite;Racing;Sports;Management;Multiplayer";0;92,19;55699;1670970;11362;0
578080;PUBG: BATTLEGROUNDS;21/12/2017;Action;"Survival;Shooter;Battle Royale;Multiplayer;FPS;PvP;Third-Person Shooter;Action;Online Co-Op;Tactical";0;60,18;2708226;81246780;728071;0
801800;Atomfall;27/3/2025;Action;"Action;Adventure;Open World;Singleplayer;First-Person;Post-apocalyptic;Action RPG;FPS;Action-Adventure;Survival";49,99;76,07;5051;151530;265;0,3
2129530;REANIMAL;13/2/2026;Adventure;"Horror;Co-op;Adventure;Atmospheric;Multiplayer;Dark;3D;Third Person;Puzzle;Local Co-Op";39,99;72,43;20794;623820;944;0,3
1466060;Tainted Grail: The Fall of Avalon;23/5/2025;Action;"Adventure;Open World;RPG;Dark Fantasy;First-Person;Third Person;Character Customization;Exploration;Singleplayer;Action RPG";44,99;86,3;30956;928680;3475;0,3
2221490;Tom Clancy’s The Division® 2;12/1/2023;Action;"Looter Shooter;Open World;Singleplayer;Multiplayer;Third-Person Shooter;Online Co-Op;Shooter;Action;Adventure;RPG";29,99;77,8;33499;1004970;8858;0,3
2399830;ARK: Survival Ascended;25/10/2023;Action;"Early Access;Survival;Open World;Multiplayer;Dinosaurs;Base Building;Building;Crafting;Adventure;Sandbox";44,99;59,92;104053;3121590;27907;0,3
646570;Slay the Spire;23/1/2019;Indie;"Roguelike Deckbuilder;Card Game;Card Battler;Roguelike;Deckbuilding;Turn-Based;Strategy;Singleplayer;Roguelite;Replay Value";24,99;96,38;213506;6405180;18928;0,3
238960;Path of Exile;23/10/2013;Action;"Free To Play;Action RPG;Dark Fantasy;Hack and Slash;Loot;MMORPG;Multiplayer;Dungeon Crawler;Isometric;RPG";0;88,1;246864;7405920;13672;0
2057760;Esoteric Ebb;3/3/2026;Indie;"Story Rich;RPG;Choices Matter;Isometric;Dungeons & Dragons;Interactive Fiction;CRPG;Singleplayer;Hand-drawn;Nonlinear";24,99;92,8;6041;181230;738;0,3
3495730;Lucid Blocks;12/3/2026;Action;"Psychedelic;Surreal;Atmospheric;Voxel;Sandbox;Open World;3D;Psychological Horror;First-Person;Horror";9,99;90,21;3752;112560;212;0,3
529340;Victoria 3;25/10/2022;Simulation;"Grand Strategy;Economy;Historical;Political Sim;Strategy;Capitalism;Politics;Diplomacy;Management;Simulation";49,99;68,83;60752;1822560;14889;0,3
1874880;Arma Reforger;16/11/2023;Action;"Military;Simulation;Shooter;Realistic;Action;FPS;Strategy;Multiplayer;First-Person;Sandbox";39,99;78,22;49674;1490220;17784;0,3
739630;Phasmophobia;18/9/2020;Action;"Horror;Online Co-Op;Multiplayer;Psychological Horror;Co-op;VR;Supernatural;First-Person;Investigation;Dark";19,99;94,86;819437;24583110;16774;0,3
3606480;Call of Duty®: Black Ops 7;13/11/2025;Action;"FPS;Action;Shooter;Multiplayer;Singleplayer;Zombies;Violent;First-Person;Gore;Futuristic";69,99;39,72;4151;124530;1611;0,3
582660;Black Desert;24/5/2017;Action;"Sandbox;Action RPG;Exploration;MMORPG;War;Crafting;Medieval;PvP;First-Person;Action-Adventure";9,99;72,91;92739;2782170;23255;0,3
3949040;RV There Yet?;21/10/2025;Action;"Multiplayer;Co-op;Funny;Online Co-Op;Adventure;Physics;Driving;First-Person;Exploration;Indie";7,99;89,2;77611;2328330;6361;0,3
413150;Stardew Valley;26/2/2016;Indie;"Farming Sim;Pixel Graphics;Multiplayer;Life Sim;RPG;Relaxing;Simulation;Agriculture;Crafting;Sandbox";14,99;97,72;1002137;30064110;83754;0,3
780310;The Riftbreaker;14/10/2021;Action;"Base Building;Online Co-Op;Multiplayer;Tower Defense;Survival;Hack and Slash;Action RPG;Exploration;Sandbox;Building";29,99;88,49;23640;709200;2436;0,3
306130;The Elder Scrolls® Online;22/5/2017;Action;"RPG;MMORPG;Open World;Fantasy;Adventure;Multiplayer;Exploration;Singleplayer;Massively Multiplayer;Action";19,99;80,14;159805;4794150;15245;0,3
1774580;STAR WARS Jedi: Survivor™;27/4/2023;Action;"Action;Singleplayer;Souls-like;Adventure;Open World;Third Person;Sci-fi;Action-Adventure;Story Rich;Space";69,99;69,92;81678;2450340;3995;0,3
394360;Hearts of Iron IV;6/6/2016;Simulation;"Strategy;World War II;Grand Strategy;War;Historical;Military;Alternate History;Multiplayer;Simulation;Tactical";49,99;88,04;376788;11303640;54433;0,3
1091500;Cyberpunk 2077;9/12/2020;RPG;"Cyberpunk;Open World;Nudity;RPG;Singleplayer;Story Rich;Mature;Sci-fi;FPS;Futuristic";59,99;85,35;943126;28293780;43467;0,3
1669000;Age of Wonders 4;2/5/2023;RPG;"Strategy;4X;Turn-Based Strategy;Character Customization;Fantasy;RPG;Grand Strategy;Dark Fantasy;Turn-Based Combat;War";49,99;79,74;22056;661680;3624;0,3
2300320;Farming Simulator 25;12/11/2024;Simulation;"Simulation;Farming Sim;Realistic;Multiplayer;3D;First-Person;Economy;Time Management;Building;Immersive Sim";29,99;85,19;51343;1540290;41428;0,3
3230400;EA SPORTS™ Madden NFL 26;14/8/2025;Simulation;"Simulation;Sports;Football (American);Competitive;Strategy;Multiplayer";69,99;52,19;5370;161100;3494;0,3
3897800;Poker Night at the Inventory;5/3/2026;Casual;"Casual;Card Game;Comedy;Gambling;Cartoon;Funny;3D;Cartoony;Singleplayer;Conversation";9,99;91,95;7602;228060;202;0,3
3834090;YAPYAP;3/2/2026;Action;"Online Co-Op;Multiplayer;Comedy;Magic;Horror;Physics;Dark Fantasy;Survival Horror;Procedural Generation;First-Person";9,99;82,56;7721;231630;999;0,3
1973530;Limbus Company;26/2/2023;Unknown;"Story Rich;Lore-Rich;Free to Play;Turn-Based Combat;Turn-Based Tactics;Visual Novel;Singleplayer;RPG;Strategy;Great Soundtrack";0;86,47;103811;3114330;48515;0
440;Team Fortress 2;10/10/2007;Action;"Free to Play;Hero Shooter;Multiplayer;FPS;Shooter;Action;Class-Based;Team-Based;Funny;First-Person";0;90,3;1229356;36880680;55437;0
1203620;Enshrouded;24/1/2024;Action;"Open World;Survival;Base Building;Multiplayer;Online Co-Op;Crafting;RPG;Adventure;Exploration;Building";29,99;84,96;100407;3012210;21810;0,3
3513350;Wuthering Waves;28/4/2025;Action;"Open World;Anime;Free to Play;Action;Adventure;RPG;Story Rich;Combat;Exploration;3D";0;87,7;44698;1340940;26055;0
270880;American Truck Simulator;2/2/2016;Indie;"Automobile Sim;Driving;Open World;Transportation;Simulation;America;Realistic;Moddable;Relaxing;Exploration";19,99;95,63;192833;5784990;8571;0,3
3527290;PEAK;16/6/2025;Action;"Multiplayer;Online Co-Op;Co-op;Physics;Exploration;Adventure;First-Person;Comedy;Procedural Generation;3D";7,99;93,79;318097;9542910;17539;0,3
2893570;DRAGON QUEST I & II HD-2D Remake;30/10/2025;RPG;"RPG;2.5D;Pixel Graphics;1980s;Atmospheric;Fantasy;Emotional;Lore-Rich;Magic;Turn-Based Combat";59,99;81,43;1830;54900;390;0,3
960090;Bloons TD 6;17/12/2018;Strategy;"Tower Defense;Strategy;Multiplayer;Singleplayer;Online Co-Op;Co-op;Family Friendly;Casual;3D;Cartoony";14,99;96,23;385699;11570970;11569;0,3
2483190;Forza Horizon 6;18/5/2026;Racing;"Racing;Open World;Driving;Automobile Sim;Simulation;Multiplayer;Sports;Exploration;Realistic;Arcade";69,99;0;0;0;0;0,3
1962663;Call of Duty®: Warzone™;16/11/2022;Action;"Free to Play;FPS;Battle Royale;Multiplayer;Shooter;Action;Singleplayer;Violent;First-Person;Military";0;31,58;49818;1494540;15365;0
1174180;Red Dead Redemption 2;5/12/2019;Action;"Open World;Story Rich;Western;Multiplayer;Adventure;Action;Realistic;Singleplayer;Shooter;Horses";59,99;91,64;873069;26192070;32203;0,3
1361210;Warhammer 40,000: Darktide;30/11/2022;Action;"Horror;Team-Based;Combat;Co-op;Warhammer 40K;FPS;PvE;Class-Based;Shooter;Hack and Slash";39,99;70,41;131786;3953580;4785;0,3
284160;BeamNG.drive;29/5/2015;Racing;"Simulation;Driving;Physics;Realistic;Destruction;Automobile Sim;Sandbox;Open World;Racing;Moddable";24,99;96,45;391674;11750220;26197;0,3
1623730;Palworld;18/1/2024;Action;"Open World;Survival;Creature Collector;Multiplayer;Open World Survival Craft;Online Co-Op;Crafting;PvP;Co-op;Indie";29,99;93,35;420401;12612030;23384;0,3
2827200;MIMESIS;27/10/2025;Action;"Early Access;Online Co-Op;Horror;Funny;Psychological Horror;Survival Horror;PvE;Action;Exploration;First-Person";9,99;82,52;9192;275760;1110;0,3
2183900;Warhammer 40,000: Space Marine 2;9/9/2024;Action;"Warhammer 40K;Action;Co-op;Third-Person Shooter;Multiplayer;PvE;Adventure;Action-Adventure;Third Person;Sci-fi";59,99;82,76;208446;6253380;10937;0,3
2073850;THE FINALS;7/12/2023;Action;"Destruction;Free to Play;FPS;Multiplayer;Shooter;PvP;Team-Based;Competitive;Action;First-Person";0;77,66;266507;7995210;15801;0
883710;Resident Evil 2;24/1/2019;Action;"Zombies;Survival Horror;Horror;Singleplayer;Remake;Third Person;Gore;Action;Puzzle;Atmospheric";39,99;95,87;209451;6283530;4869;0,3
4045750;Out of the Park Baseball 27;13/3/2026;Indie;"Simulation;Sports;Strategy;Sandbox;Card Battler;Immersive Sim;Trading Card Game;2D;3D;Management";49,99;74,96;264;7920;1243;0,3
266410;iRacing;12/1/2015;Massively Multiplayer;"Racing;Automobile Sim;Simulation;VR;Driving;Sports;Multiplayer;Realistic;Massively Multiplayer;Singleplayer";9,99;83,23;6874;206220;908;0,3
294100;RimWorld;17/10/2018;Indie;"Colony Sim;Base Building;Survival;Strategy;Management;Sandbox;Singleplayer;Moddable;Simulation;Sci-fi";34,99;96,74;238572;7157160;32828;0,3
2186680;Warhammer 40,000: Rogue Trader;7/12/2023;Action;"CRPG;Turn-Based Strategy;Strategy;Warhammer 40K;Adventure;Atmospheric;RPG;Character Customization;Fantasy;Co-op";49,99;86,26;43353;1300590;4268;0,3
3014320;OCTOPATH TRAVELER 0;4/12/2025;RPG;"RPG;JRPG;Party-Based RPG;Singleplayer;2.5D;Pixel Graphics;Turn-Based;Character Customization;Anime;Strategy";49,99;75,76;3301;99030;673;0,3
2958130;Jurassic World Evolution 3;21/10/2025;Simulation;"Simulation;Dinosaurs;Strategy;Sandbox;City Builder;Sequel;Action;Management;Resource Management;Economy";59,99;90,22;10226;306780;1339;0,3
2246340;Monster Hunter Wilds;27/2/2025;Action;"Hunting;Action;Multiplayer;Online Co-Op;Co-op;Character Customization;Dragons;Open World;Dating Sim;Third Person";69,99;48,35;317942;9538260;18317;0,3
2397300;Half Sword;30/1/2026;Action;"Early Access;Physics;Gore;Combat;Medieval;Swordplay;Blood;Realistic;Historical;Simulation";24,99;67,05;23289;698670;1100;0,3
1562430;DREDGE;30/3/2023;Adventure;"Exploration;Fishing;Lovecraftian;Open World;Adventure;Inventory Management;Mystery;Atmospheric;Psychological Horror;Singleplayer";24,99;94,09;53700;1611000;1305;0,3
311210;Call of Duty®: Black Ops III;5/11/2015;Action;"Multiplayer;Zombies;FPS;Shooter;Action;First-Person;Singleplayer;Co-op;Futuristic;Illuminati";59,99;84,06;227871;6836130;6289;0,3
2963800;DrainSim;3/3/2026;Casual;"Early Access;Simulation;Casual;Relaxing;First-Person;Sandbox;Underwater;3D;Realistic;Physics";14,99;87,57;1538;46140;389;0,3
1693980;Dead Space;27/1/2023;Action;"Horror;Third-Person Shooter;Survival Horror;Sci-fi;Space;Psychological Horror;Shooter;Singleplayer;Action-Adventure;Atmospheric";59,99;89,22;64729;1941870;897;0,3
489830;The Elder Scrolls V: Skyrim Special Edition;27/10/2016;RPG;"Open World;RPG;Adventure;Fantasy;Singleplayer;Character Customization;Moddable;Dragons;Story Rich;Magic";39,99;91,44;365055;10951650;26668;0,3
1172620;Sea of Thieves: 2025 Edition;3/6/2020;Action;"Multiplayer;Open World;Adventure;Pirates;Co-op;Online Co-Op;PvP;Sailing;Action;First-Person";39,99;87,98;368664;11059920;8424;0,3
1085660;Destiny 2;1/10/2019;Action;"Free to Play;Open World;Looter Shooter;Multiplayer;MMORPG;FPS;Co-op;PvE;PvP;Shooter";0;76,79;646012;19380360;10461;0
2139460;Once Human;9/7/2024;Action;"Free to Play;Survival;Multiplayer;Open World Survival Craft;Co-op;Open World;Adventure;Base Building;Post-apocalyptic;Massively Multiplayer";0;76,9;171205;5136150;15855;0
2073620;Arena Breakout: Infinite;15/9/2025;Action;"Free to Play;Extraction Shooter;Multiplayer;FPS;Realistic;Gun Customizacion;Shooter;First-Person;Tactical;Heist";0;73,23;53956;1618680;31544;0
2479810;Gray Zone Warfare;30/4/2024;Action;"FPS;Tactical;Realistic;Extraction Shooter;Simulation;Open World;Military;Shooter;Action;Competitive";39,99;71,18;74059;2221770;11477;0,3
1771300;Kingdom Come: Deliverance II;4/2/2025;Action;"RPG;Medieval;Open World;Singleplayer;Story Rich;Realistic;First-Person;Adventure;Action;Historical";59,99;92,92;180866;5425980;18651;0,3
2537590;Microsoft Flight Simulator 2024;19/11/2024;Simulation;"Simulation;Flight;Realistic;VR;Multiplayer;Hobby Sim;Singleplayer;Atmospheric;Sandbox;Exploration";69,99;56,17;19655;589650;5751;0,3
1113560;NieR Replicant™ ver.1.22474487139...;23/4/2021;Action;"Great Soundtrack;Story Rich;Action;RPG;JRPG;Adventure;Singleplayer;Hack and Slash;Post-apocalyptic;Atmospheric";59,99;86,49;27677;830310;384;0,3
1172710;Dune: Awakening;10/6/2025;Action;"Open World Survival Craft;Survival;Adventure;Open World;RPG;Multiplayer;PvP;Base Building;Exploration;PvE";49,99;69,63;75349;2260470;7709;0,3
4025700;Heartopia;16/1/2026;Casual;"Free to Play;Multiplayer;Casual;Artificial Intelligence;Life Sim;Cute;Relaxing;City Builder;Character Customization;Immersive Sim";0;65,34;13473;404190;22702;0
1326470;Sons Of The Forest;22/2/2024;Action;"Survival;Open World;Multiplayer;Co-op;Survival Horror;Base Building;Horror;Crafting;First-Person;Building";29,99;87,45;303661;9109830;8604;0,3
2592160;Dispatch;22/10/2025;Action;"Choices Matter;Story Rich;Sexual Content;Nudity;Superhero;Singleplayer;Romance;Comedy;Choose Your Own Adventure;Episodic";29,99;96,38;173897;5216910;2742;0,3
892970;Valheim;2/2/2021;Action;"Open World Survival Craft;Survival;Online Co-Op;Open World;Multiplayer;Building;Crafting;Base Building;Exploration;Co-op";19,99;93,22;532769;15983070;27590;0,3
2239150;Thronefall;11/10/2024;Action;"Tower Defense;Strategy;City Builder;Minimalist;Medieval;Action;Action RTS;Base Building;Building;3D";12,99;93,98;22878;686340;418;0,3
108600;Project Zomboid;8/11/2013;Indie;"Survival;Zombies;Open World;Multiplayer;Open World Survival Craft;Sandbox;Post-apocalyptic;Co-op;Crafting;Building";19,99;93,17;447473;13424190;32319;0,3
2694490;Path of Exile 2;6/12/2024;Action;"Early Access;Action;RPG;Action RPG;Dark;MMORPG;Dungeon Crawler;Character Customization;Isometric;Horror";29,99;72,43;207495;6224850;9119;0,3
548430;Deep Rock Galactic;13/5/2020;Action;"Dwarf;Co-op;PvE;FPS;Procedural Generation;Class-Based;Shooter;Exploration;First-Person;Loot";29,99;96,19;374521;11235630;6730;0,3
648800;Raft;20/6/2022;Adventure;"Survival;Multiplayer;Open World Survival Craft;Co-op;Crafting;Open World;Building;Base Building;Online Co-Op;Adventure";19,99;92,15;371124;11133720;9842;0,3
1449850;Yu-Gi-Oh! Master Duel;18/1/2022;Simulation;"Card Game;Free to Play;Strategy;Trading Card Game;Multiplayer;PvP;Anime;Card Battler;Turn-Based Tactics;Simulation";0;71,43;98222;2946660;15365;0
2536520;Diablo II: Resurrected – Infernal Edition;11/2/2026;Action;"Action;RPG;Action RPG;Hack and Slash;Strategy;Action-Adventure;Dungeon Crawler;Isometric;Dark Fantasy;Dark";39,99;84,94;4747;142410;3312;0,3
1295660;Sid Meier's Civilization VII;10/2/2025;Simulation;"Grand Strategy;Historical;4X;Military;Strategy;Simulation;Diplomacy;Multiplayer;City Builder;War";69,99;48,02;54220;1626600;6397;0,3
427520;Factorio;14/8/2020;Casual;"Automation;Base Building;Resource Management;Sandbox;Crafting;Strategy;Multiplayer;Survival;Management;Open World";3,5;96,03;233401;7002030;21509;0,3
304390;FOR HONOR™;13/2/2017;Action;"Medieval;Swordplay;Action;Multiplayer;Fighting;PvP;Third Person;War;Gore;Co-op";29,99;68,66;161248;4837440;4582;0,3
1903340;Clair Obscur: Expedition 33;24/4/2025;Action;"Turn-Based Combat;Story Rich;Fantasy;Great Soundtrack;RPG;Singleplayer;JRPG;Exploration;Lore-Rich;Adventure";49,99;94,39;265092;7952760;10051;0,3
2668510;Red Dead Redemption;29/10/2024;Action;"Open World;Western;Story Rich;Singleplayer;Action;Zombies;Action-Adventure;Third-Person Shooter;Atmospheric;Adventure";49,99;90,12;18860;565800;1226;0,3
216150;MapleStory;9/8/2012;Action;"MMORPG;2D Platformer;Free to Play;Character Customization;Loot;PvE;Side Scroller;Multiplayer;Cute;Anime";0;61,36;15161;454830;9104;0
281990;Stellaris;9/5/2016;Simulation;"Space;Strategy;Grand Strategy;Sci-fi;4X;Exploration;Sandbox;Simulation;Multiplayer;Real-Time with Pause";39,99;84,09;197676;5930280;19158;0,3
1282100;REMNANT II®;25/7/2023;Action;"Souls-like;Co-op;Action;Third-Person Shooter;Adventure;RPG;Shooter;Dark;Online Co-Op;Action-Adventure";49,99;81,36;66605;1998150;1648;0,3
1304930;The Outlast Trials;5/3/2024;Action;"Horror;Multiplayer;Co-op;Survival Horror;Psychological Horror;First-Person;PvE;Stealth;Character Customization;Action";39,99;91,43;101610;3048300;4468;0,3
589290;Holdfast: Nations At War;5/3/2020;Action;"Shooter;Multiplayer;FPS;War;Historical;Military;Action;Wargame;World War I;Tactical";19,99;88,05;28269;848070;1246;0,3
255710;Cities: Skylines;10/3/2015;Simulation;"City Builder;Simulation;Building;Management;Strategy;Sandbox;Singleplayer;Economy;Moddable;Resource Management";29,99;91,92;288241;8647230;13247;0,3
2622380;ELDEN RING NIGHTREIGN;29/5/2025;Action;"Souls-like;Online Co-Op;Multiplayer;Roguelike;Co-op;Singleplayer;PvE;Third Person;Action;Roguelite";39,99;81,07;182072;5462160;35324;0,3
261550;Mount & Blade II: Bannerlord;25/10/2022;Action;"Medieval;Strategy;Open World;RPG;War;Sandbox;Multiplayer;Singleplayer;Action;Character Customization";49,99;86,88;289235;8677050;33055;0,3
1631270;StarRupture;6/1/2026;Action;"Early Access;Base Building;Survival;Open World Survival Craft;Automation;Co-op;Open World;Multiplayer;Crafting;Exploration";19,99;79,09;12035;361050;3436;0,3
3920610;FATAL FRAME II: Crimson Butterfly REMAKE;11/3/2026;Action;"Action;Adventure;Female Protagonist;Survival Horror;Horror;Supernatural;Action-Adventure;RPG;Third Person;3D";49,99;83,62;3317;99510;360;0,3
3097560;Liar's Bar;2/10/2024;Casual;"Multiplayer;Casual;PvP;Online Co-Op;Gambling;Co-op;Indie;Funny;FPS;3D";6,99;88,39;55218;1656540;979;0,3
2074920;The First Descendant;30/6/2024;Action;"Free to Play;Sexual Content;Looter Shooter;Multiplayer;Third-Person Shooter;Online Co-Op;RPG;Action;Shooter;Third Person";0;57,12;110582;3317460;3861;0
2385530;PGA TOUR 2K25;27/2/2025;RPG;"Sports;Golf;Simulation;Realistic;Character Customization;Multiplayer;Third Person;Family Friendly;Singleplayer;Co-op";99,99;67,26;4131;123930;2724;0,3
1286830;STAR WARS™: The Old Republic™;21/7/2020;Massively Multiplayer;"Free to Play;MMORPG;Multiplayer;Character Customization;Open World;RPG;Story Rich;Choices Matter;Massively Multiplayer;Sci-fi";0;88,2;73114;2193420;7453;0
377160;Fallout 4;9/11/2015;RPG;"Open World;Post-apocalyptic;Singleplayer;Exploration;RPG;Adventure;Atmospheric;Shooter;First-Person;Story Rich";19,99;80,54;424035;12721050;13989;0,3
632360;Risk of Rain 2;11/8/2020;Action;"Third-Person Shooter;Action Roguelike;Multiplayer;Co-op;Roguelite;Roguelike;Action;Looter Shooter;Loot;Online Co-Op";24,99;92,84;346373;10391190;6680;0,3
1599340;Lost Ark;11/2/2022;Action;"MMORPG;Free to Play;Action RPG;Multiplayer;Hack and Slash;Character Customization;RPG;Massively Multiplayer;Sexual Content;PvE";0;69,96;203220;6096600;7664;0
1285190;Borderlands 4;11/9/2025;Action;"FPS;PvE;Looter Shooter;Open World;Co-op;Action RPG;Loot;First-Person;Action-Adventure;RPG";69,99;58,79;78710;2361300;3745;0,3
105600;Terraria;16/5/2011;Action;"Open World Survival Craft;Sandbox;Survival;2D;Multiplayer;Pixel Graphics;Adventure;Crafting;Building;Exploration";9,99;96,74;1520581;45617430;32257;0,3
949230;Cities: Skylines II;24/10/2023;Simulation;"City Builder;Simulation;Building;Sandbox;Management;Singleplayer;Economy;Strategy;Realistic;Moddable";49,99;53,98;87923;2637690;14847;0,3
359870;FINAL FANTASY X/X-2 HD Remaster;12/5/2016;RPG;"JRPG;Turn-Based Combat;Story Rich;RPG;Great Soundtrack;Fantasy;Singleplayer;Classic;Adventure;Turn-Based";29,99;86,74;22540;676200;1023;0,3
1971650;OCTOPATH TRAVELER II;24/2/2023;RPG;"RPG;Turn-Based;JRPG;2.5D;Party-Based RPG;Pixel Graphics;Story Rich;Open World;Turn-Based Combat;Choices Matter";59,99;91,66;16118;483540;975;0,3
3599690;Funi Raccoon Game;13/3/2026;Action;"Adventure;Casual;Platformer;3D Platformer;Collectathon;Exploration;2.5D;3D Vision;Abstract;Colorful";11,99;93,69;1547;46410;23;0,3
2670630;Supermarket Simulator;19/6/2025;Casual;"Simulation;Management;Economy;Multiplayer;Singleplayer;Trading;First-Person;Immersive Sim;Life Sim;Building";19,99;90,77;81682;2450460;4209;0,3
286160;Tabletop Simulator;5/6/2015;Casual;"Tabletop;Board Game;Simulation;Multiplayer;Sandbox;Card Game;VR;Trading Card Game;Moddable;Physics";19,99;92,89;75897;2276910;9019;0,3
1229490;ULTRAKILL;3/9/2020;Action;"Fast-Paced;FPS;Boomer Shooter;Blood;Character Action Game;Arena Shooter;Spectacle fighter;Great Soundtrack;Singleplayer;Retro";24,99;96,27;225881;6776430;4833;0,3
2661300;Grounded 2;29/7/2025;Action;"Survival;Multiplayer;Action;Adventure;Base Building;Co-op;Open World;Exploration;Crafting;Early Access";29,99;79,24;20826;624780;3303;0,3
518790;theHunter: Call of the Wild™;16/2/2017;Adventure;"Hunting;Open World;Multiplayer;Nature;Relaxing;Stealth;FPS;Simulation;Survival;Realistic";19,99;88,08;196970;5909100;4592;0,3
1313140;Cult of the Lamb;11/8/2022;Action;"Base Building;Action Roguelike;Cute;Singleplayer;Dungeon Crawler;Roguelite;Character Customization;Colony Sim;Dark Humor;Building";24,99;94,51;123224;3696720;2769;0,3
2651280;Marvel's Spider-Man 2;30/1/2025;Action;"Action;Open World;Superhero;Singleplayer;Adventure;Action-Adventure;Story Rich;Third Person;Comic Book;Stealth";59,99;80,72;37531;1125930;2091;0,3
107410;Arma 3;12/9/2013;Action;"Military;Action;Multiplayer;Shooter;Simulation;Realistic;First-Person;Open World;Tactical;FPS";29,99;89,42;295451;8863530;10506;0,3
418370;Resident Evil 7 Biohazard;23/1/2017;Action;"Horror;Survival Horror;First-Person;Singleplayer;VR;Gore;Atmospheric;Zombies;Psychological Horror;Action";19,99;93,96;119833;3594990;2401;0,3
2001120;Split Fiction;6/3/2025;Action;"Co-op;Split Screen;Local Co-Op;Female Protagonist;Action-Adventure;Online Co-Op;Fantasy;Sci-fi;3D Platformer;Story Rich";49,99;95,7;119377;3581310;12113;0,3
21690;Resident Evil 5;15/9/2009;Action;"Co-op;Action;Zombies;Co-op Campaign;Online Co-Op;Horror;Third-Person Shooter;Multiplayer;Adventure;Third Person";19,99;85,63;62760;1882800;2074;0,3
1401590;Disney Dreamlight Valley;5/12/2023;Action;"Relaxing;Life Sim;Character Customization;Exploration;Adventure;Simulation;Sandbox;Fantasy;Casual;Singleplayer";39,99;90,16;23926;717780;4248;0,3
3028330;Battlefield™ REDSEC;28/10/2025;Action;"Free to Play;Action;Multiplayer;FPS;Singleplayer;Military;Shooter;War;Modern;Battle Royale";0;45,31;16174;485220;41;0
1290000;PowerWash Simulator;14/7/2022;Casual;"Casual;Relaxing;Simulation;Multiplayer;First-Person;3D;Sandbox;Co-op;Funny;Online Co-Op";24,99;94,7;57794;1733820;2099;0,3
1465360;SnowRunner;17/5/2021;Adventure;"Simulation;Automobile Sim;Multiplayer;Adventure;Driving;Exploration;Realistic;Open World;Sandbox;First-Person";29,99;88,61;53314;1599420;5869;0,3
3977290;Rewind 99;11/3/2026;Action;"Early Access;Simulation;Casual;Action;Co-op;Character Customization;Life Sim;First-Person;Open World;Base Building";11,99;74,67;405;12150;40;0,3
1857950;VEIN;24/10/2025;Action;"Early Access;Survival;Open World;Zombies;Base Building;Co-op;Post-apocalyptic;Multiplayer;Exploration;RPG";19,99;86,77;10065;301950;744;0,3
1284210;Guild Wars 2®;23/8/2022;Adventure;"MMORPG;Adventure;RPG;Free to Play;Character Customization;Fantasy;Massively Multiplayer;Third Person;PvP;3D";0;86,62;27539;826170;5385;0
3932890;Escape from Tarkov;15/11/2025;Action;"Extraction Shooter;Psychological Horror;Shooter;Tactical;Gun Customization;Looter Shooter;FPS;Military;First-Person;Multiplayer";49,99;47,57;50628;1518840;16234;0,3
250900;The Binding of Isaac: Rebirth;4/11/2014;Action;"Action Roguelike;Roguelike;Indie;Replay Value;Difficult;Pixel Graphics;Dungeon Crawler;Great Soundtrack;Singleplayer;Dark";14,99;96,22;390773;11723190;21277;0,3
1096530;Solasta: Crown of the Magister;27/5/2021;Adventure;"RPG;Dungeons & Dragons;Co-op Campaign;Character Customization;Turn-Based Combat;Multiplayer;CRPG;Choices Matter;Story Rich;Fantasy";29,99;85,06;22026;660780;752;0,3
921570;OCTOPATH TRAVELER™;7/6/2019;RPG;"RPG;JRPG;Pixel Graphics;Turn-Based;Story Rich;Turn-Based Combat;Singleplayer;Great Soundtrack;Open World;Strategy";59,99;83,85;16498;494940;1037;0,3
2933130;The Lord of the Rings: Return to Moria™;27/8/2024;Action;"Base Building;Open World Survival Craft;Dwarf;Survival;Exploration;Online Co-Op;Crafting;Building;Adventure;Multiplayer";29,99;79,75;11787;353610;1719;0,3
552990;World of Warships;15/11/2017;Action;"Free to Play;Naval Combat;Action;Co-op;Tactical;Online Co-Op;Multiplayer;Naval;World War II;PvP";0;75,89;154361;4630830;28299;0
3501070;Car Service Together;4/2/2026;Indie;"Early Access;Sandbox;Automobile Sim;Driving;Building;Simulation;3D;Casual;Racing;Realistic";19,99;79,25;3218;96540;642;0,3
1476970;IdleOn;6/11/2025;Casual;"Idler;Free to Play;MMORPG;Pixel Graphics;Multiplayer;RPG;Management;Clicker;Crafting;Resource Management";0;76,67;28622;858660;14880;0
427410;Abiotic Factor;22/7/2025;Action;"Survival;Online Co-Op;Open World Survival Craft;Crafting;Base Building;Sci-fi;Exploration;Co-op Campaign;Multiplayer;Early Access";34,99;94,08;53978;1619340;7609;0,3
438100;VRChat;1/2/2017;Adventure;"VR;Free to Play;Multiplayer;Anime;Memes;Funny;Massively Multiplayer;First-Person;Open World;Early Access";0;74,74;261584;7847520;55868;0
322170;Geometry Dash;22/12/2014;Action;"Difficult;Music;Level Editor;Great Soundtrack;2D;Precision Platformer;Rhythm;Singleplayer;Platformer;Colorful";4,99;92,29;586999;17609970;67005;0,3
2280350;Turbo Dismount® 2;13/3/2026;Action;"Action;Racing;Simulation;Funny;Destruction;Sandbox;Puzzle;3D;Colorful;Stylized";19,99;89,45;681;20430;29;0,3
2495100;Hello Kitty Island Adventure;30/1/2025;Action;"Cozy;Open World;Adventure;Cute;Simulation;Life Sim;Exploration;Casual;Colorful;Relaxing";39,99;91,51;11446;343380;1215;0,3
2948190;World of Sea Battle;21/10/2025;Action;"Early Access;MMORPG;Naval Combat;Massively Multiplayer;Pirates;Open World;Naval;Action;Sailing;Sandbox";0;72,8;6906;207180;3224;0
1874000;Life is Strange: Double Exposure;29/10/2024;Action;"Choices Matter;LGBTQ+;Female Protagonist;Story Rich;Choose Your Own Adventure;Romance;Third Person;Mystery;Emotional;Action";49,99;67,84;9609;288270;143;0,3
264710;Subnautica;23/1/2018;Adventure;"Open World Survival Craft;Survival;Horror;Underwater;Open World;Exploration;Crafting;Base Building;Singleplayer;Adventure";29,99;96,05;353766;10612980;8293;0,3
1407200;World of Tanks;28/4/2021;Action;"Tanks;Free to Play;Action;Military;PvP;Vehicular Combat;Multiplayer;Team-Based;Tactical;Massively Multiplayer";0;79,45;98387;2951610;9421;0
3419520;Quarantine Zone: The Last Check;12/1/2026;Indie;"Zombies;Simulation;Singleplayer;Post-apocalyptic;Choices Matter;First-Person;Realistic;3D;Military;Atmospheric";19,99;80,35;11721;351630;730;0,3
637650;FINAL FANTASY XV WINDOWS EDITION;6/3/2018;RPG;"RPG;Open World;JRPG;Fantasy;Story Rich;Great Soundtrack;Singleplayer;Adventure;Action;Multiplayer";34,99;81,99;56957;1708710;716;0,3
440900;Conan Exiles;8/5/2018;Action;"Survival;Open World;Nudity;Building;Open World Survival Craft;Crafting;Multiplayer;Sandbox;RPG;Massively Multiplayer";39,99;78,19;112058;3361740;7603;0,3
1272320;Diplomacy is Not an Option;4/10/2024;Action;"Resource Management;Medieval;Historical;Zombies;Colony Sim;Base Building;Difficult;Action RTS;Survival;RTS";29,99;83,25;11829;354870;1177;0,3
1142710;Total War: WARHAMMER III;16/2/2022;Action;"Strategy;Turn-Based Strategy;Grand Strategy;RTS;Fantasy;Real Time Tactics;War;Dark Fantasy;Action;Dwarf";59,99;69,71;142551;4276530;26648;0,3
221100;DayZ;13/12/2018;Action;"Survival;Open World;Zombies;Online Co-Op;Multiplayer;Post-apocalyptic;Shooter;PvP;Massively Multiplayer;FPS";49,99;77,1;459957;13798710;60432;0,3
1371980;No Rest for the Wicked;18/4/2024;Action;"Early Access;Action RPG;Online Co-Op;Souls-like;Combat;Hack and Slash;Open World;Exploration;RPG;Cinematic";39,99;79,14;76761;2302830;3667;0,3
3681010;Nioh 3;5/2/2026;Action;"Action;Action RPG;Souls-like;RPG;Open World;Hack and Slash;Difficult;Third Person;Dark Fantasy;Fantasy";69,99;78,29;17524;525720;2942;0,3
1471410;SYNTHETIK 2;11/11/2021;Action;"Early Access;Roguelite;Top-Down Shooter;Action Roguelike;Twin Stick Shooter;Moddable;Top-Down;Shooter;Perma Death;Character Customization";19,99;77,83;3325;99750;157;0,3
2456740;inZOI;27/3/2025;Adventure;"Life Sim;Character Customization;Simulation;Realistic;Singleplayer;Building;Family Friendly;Romance;Sandbox;Immersive Sim";39,99;75,39;30425;912750;3253;0,3
1966720;Lethal Company;23/10/2023;Action;"Online Co-Op;Horror;First-Person;Co-op;Survival Horror;Funny;Exploration;Psychological Horror;Sci-fi;PvE";9,99;96,13;506919;15207570;6522;0,3
1677110;Lightyear Frontier;19/3/2024;Early Access;"Early Access;Mechs;Crafting;Base Building;Open World Survival Craft;Farming Sim;Online Co-Op;Resource Management;Agriculture;Exploration";24,99;81,41;4413;132390;678;0,3
251570;7 Days to Die;25/7/2024;Action;"Survival;Zombies;Multiplayer;Open World;Open World Survival Craft;Base Building;Post-apocalyptic;Online Co-Op;Voxel;Building";44,99;86,37;398531;11955930;26034;0,3
275850;No Man's Sky;12/8/2016;Action;"Open World;Space;Open World Survival Craft;Exploration;Sci-fi;Survival;Procedural Generation;Multiplayer;Adventure;First-Person";59,99;84,12;406100;12183000;11487;0,3
945360;Among Us;16/11/2018;Casual;"Multiplayer;Social Deduction;Online Co-Op;Space;Survival;2D;Funny;Psychological;Party Game;Co-op";4,99;91,23;728536;21856080;9761;0,3
976730;Halo: The Master Chief Collection;3/12/2019;Action;"Great Soundtrack;FPS;Classic;Multiplayer;Story Rich;Sci-fi;Co-op;First-Person;Shooter;Epic";39,99;91,07;257911;7737330;7155;0,3
1551360;Forza Horizon 5;8/11/2021;Action;"Racing;Open World;Driving;Multiplayer;Automobile Sim;Realistic;Simulation;Adventure;Arcade;Exploration";59,99;88,22;271288;8138640;14463;0,3
2437170;SMITE 2;27/8/2024;Action;"Early Access;MOBA;Action;Third Person;Strategy;Mythology;Adventure;Competitive;Casual;RPG";0;54,86;21411;642330;6751;0
1608070;CRISIS CORE –FINAL FANTASY VII– REUNION;13/12/2022;Action;"Action;RPG;JRPG;Adventure;Action RPG;Action-Adventure;Party-Based RPG;Spectacle fighter;3D;3D Platformer";49,99;87,01;8481;254430;143;0,3
1328670;Mass Effect™ Legendary Edition;14/5/2021;Action;"Story Rich;RPG;Choices Matter;Sci-fi;Singleplayer;Space;Character Customization;Third-Person Shooter;Action;Action RPG";59,99;89,7;64405;1932150;4095;0,3
2697000;The Legend of Khiimori;3/3/2026;Adventure;"Early Access;Horses;Historical;Exploration;Nature;Survival;Open World;Mythology;Female Protagonist;Simulation";29,99;82,06;1616;48480;280;0,3
570;Dota 2;9/7/2013;Action;"Free to Play;MOBA;Multiplayer;Strategy;eSports;Team-Based;Competitive;Action;Online Co-Op;PvP";0;80,5;2706010;81180300;598182;0
1284190;The Planet Crafter;10/4/2024;Adventure;"Base Building;Open World Survival Craft;Survival;Online Co-Op;Co-op;Building;Crafting;Open World;Space;Exploration";23,99;94,43;69600;2088000;6485;0,3
1190000;Car Mechanic Simulator 2021;11/8/2021;Racing;"Simulation;Automobile Sim;Sandbox;Realistic;Moddable;Driving;Racing;Singleplayer;3D;Education";24,99;93,85;36328;1089840;2229;0,3
1129580;Medieval Dynasty;23/9/2021;Action;"Building;Crafting;Multiplayer;Medieval;Co-op;Survival;Open World;Base Building;Sandbox;Immersive Sim";34,99;88,95;50539;1516170;5122;0,3
1265920;Life is Strange Remastered;1/2/2022;Action;"Choices Matter;Story Rich;Female Protagonist;Multiple Endings;LGBTQ+;Emotional;Romance;Third Person;Drama;Mystery";39,99;88,73;9541;286230;262;0,3
1358700;STRANGER OF PARADISE FINAL FANTASY ORIGIN;6/4/2023;Action;"Action;RPG;Adventure;Action RPG;JRPG;Spectacle fighter;3D;Third Person;Dark Fantasy;Atmospheric";39,99;81,08;4385;131550;207;0,3
585420;Trailmakers;18/9/2019;Action;"Space;Family Friendly;Action;Co-op Campaign;Online Co-Op;Singleplayer;Adventure;Action-Adventure;Colorful;Physics";24,99;90,17;35173;1055190;3261;0,3
4000;Garry's Mod;29/11/2006;Casual;"Sandbox;Moddable;Multiplayer;Physics;Building;Casual;Funny;First-Person;Singleplayer;FPS";9,99;96,17;1234598;37037940;31044;0,3
595520;FINAL FANTASY XII THE ZODIAC AGE;1/2/2018;RPG;"RPG;JRPG;Fantasy;Singleplayer;Story Rich;Great Soundtrack;Open World;Adventure;Exploration;Classic";49,99;86,88;9715;291450;560;0,3
799960;Wizard101;6/9/2018;Adventure;"Colorful;MMORPG;Deckbuilding;PvP;Crafting;Free to Play;Nostalgia;Magic;Card Game;Turn-Based Combat";0;80,59;9207;276210;679;0
2968420;PowerWash Simulator 2;23/10/2025;Casual;"Casual;Simulation;Relaxing;Local Multiplayer;Sandbox;Multiplayer;Online Co-Op;Local Co-Op;First-Person;Immersive Sim";24,99;88,93;10634;319020;1926;0,3
244210;Assetto Corsa;19/12/2014;Indie;"Racing;Automobile Sim;Simulation;Multiplayer;Driving;VR;Realistic;Sports;Open World;Moddable";19,99;91,67;168920;5067600;15184;0,3
3354750;skate.;16/9/2025;Action;"Multiplayer;Skateboarding;Action;Free to Play;Controller;Character Customization;Online Co-Op;Sports;Sandbox;Third Person";0;68,65;84452;2533560;2674;0
2406770;Bodycam;7/6/2024;Action;"Early Access;Realistic;FPS;Shooter;Military;Co-op;VR;Multiplayer;Horror;Zombies";33,32;74,75;42687;1280610;540;0,3
1943950;Escape the Backrooms;23/10/2025;Action;"Horror;Multiplayer;Online Co-Op;Psychological Horror;Co-op;Survival Horror;First-Person;Escape Room;Exploration;Adventure";9,99;89,48;137858;4135740;5530;0,3
2707930;Palia;25/3/2024;Adventure;"Free to Play;Multiplayer;Life Sim;Cozy;Farming Sim;Exploration;Building;Crafting;Relaxing;Casual";0;84,87;41045;1231350;9044;0
550;Left 4 Dead 2;16/11/2009;Action;"Zombies;Co-op;FPS;Multiplayer;Shooter;Online Co-Op;Action;Survival;Horror;First-Person";9,99;96,79;1030791;30923730;30042;0,3
3873970;NASCAR 25;11/11/2025;Racing;"Racing;Sports;Driving;Automobile Sim;Arcade;Simulation;Singleplayer;Multiplayer;Physics;Realistic";59,99;69,65;1550;46500;454;0,3
2918310;Mama's Sleeping Angels;11/3/2026;Action;"Horror;Multiplayer;Procedural Generation;Adventure;Exploration;Choices Matter;Female Protagonist;Supernatural;Surreal;First-Person";9,99;87,78;798;23940;77;0,3
1938090;Call of Duty®;27/10/2022;Action;"FPS;Multiplayer;Shooter;Singleplayer;Action;Military;First-Person;War;Modern;Tactical";0;58,36;769974;23099220;36469;0
1173820;FINAL FANTASY VI;23/2/2022;RPG;"RPG;2D;Singleplayer;JRPG;Adventure;Class-Based;Fantasy;Emotional;Exploration;Pixel Graphics";17,99;88,72;4610;138300;277;0,3
2294660;The Quinfall;6/2/2026;Massively Multiplayer;"Massively Multiplayer;MMORPG;Open World;RPG;Character Customization;Medieval;Multiplayer;Adventure;Action RPG;PvP";9,99;52,58;11864;355920;4164;0,3
3347400;GIRLS' FRONTLINE 2: EXILIUM;10/2/2025;Action;"Strategy;Anime;RPG;Free to Play;Sexual Content;Turn-Based Strategy;Turn-Based Combat;Strategy RPG;3D;Story Rich";0;66,07;2999;89970;553;0
2244210;Echoes of Aincrad;9/7/2026;Action;"JRPG;Anime;Action RPG;Hack and Slash;3D;Fantasy;RPG;Singleplayer;Realistic;Dark";69,99;0;0;0;0;0,3
1812450;Bellwright;23/4/2024;Action;"Survival;Open World;Medieval;City Builder;Crafting;Online Co-Op;Multiplayer;Building;Simulation;RPG";29,99;79,04;19612;588360;3619;0,3
1072420;DRAGON QUEST BUILDERS™ 2;10/12/2019;Action;"RPG;Open World Survival Craft;Adventure;Action;Building;Sandbox;Crafting;JRPG;Anime;Cute";49,99;89,52;7904;237120;308;0,3
1206560;WorldBox - God Simulator;2/12/2021;Indie;"Sandbox;God Game;Simulation;Pixel Graphics;Colony Sim;Life Sim;Destruction;Building;Artificial Intelligence;Fantasy";19,99;93,57;53838;1615140;2015;0,3
3059520;F1® 25;30/5/2025;Racing;"Racing;Sports;Simulation;Multiplayer;VR;Driving;Automobile Sim;PvP;Co-op;Online Co-Op";59,99;85,46;24451;733530;8040;0,3
2840770;Avatar: Frontiers of Pandora™;17/6/2024;Action;"Open World;Adventure;Action;Multiplayer;Online Co-Op;First-Person;Exploration;Singleplayer;Shooter;Character Customization";29,99;75,82;13846;415380;1661;0,3
1172380;STAR WARS Jedi: Fallen Order™;14/11/2019;Action;"Action-Adventure;Souls-like;Third Person;Open World;Story Rich;Swordplay;Sci-fi;Exploration;Action;Platformer";39,99;87,43;171188;5135640;2900;0,3
1145350;Hades II;25/9/2025;Action;"Action;Roguelike;Roguelite;Hack and Slash;Mythology;Action Roguelike;RPG;Female Protagonist;Dungeon Crawler;Action RPG";29,99;94,34;118285;3548550;7287;0,3
2069250;High On Life 2;13/2/2026;Action;"Action;Singleplayer;Adventure;FPS;Action-Adventure;3D;Comedy;Shooter;First-Person;Sci-fi";59,99;69,5;2220;66600;93;0,3
2753900;The King is Watching;21/7/2025;Indie;"Roguelike;Base Building;RTS;Tower Defense;Dark Fantasy;Fantasy;Strategy;Resource Management;City Builder;Roguelite";14,99;86,07;9559;286770;661;0,3
346110;ARK: Survival Evolved;27/8/2017;Action;"Open World Survival Craft;Survival;Multiplayer;Open World;Dinosaurs;Crafting;Building;Adventure;Base Building;Co-op";14,99;82,76;766415;22992450;22560;0,3
1196590;Resident Evil Village;6/5/2021;Action;"Survival Horror;Horror;First-Person;Singleplayer;Action;Sexual Content;Zombies;Gore;Story Rich;FPS";39,99;94,32;146512;4395360;3537;0,3
9900;Star Trek Online;31/1/2012;Massively Multiplayer;"Free to Play;Sci-fi;Massively Multiplayer;Space;MMORPG;RPG;Open World;Multiplayer;Character Customization;Action";0;77,6;21009;630270;1410;0
728880;Overcooked! 2;7/8/2018;Action;"Multiplayer;Online Co-Op;Local Co-Op;Co-op;Casual;Cooking;Funny;4 Player Local;Indie;Local Multiplayer";24,99;89,12;81229;2436870;7497;0,3
602960;Barotrauma;13/3/2023;Action;"Co-op;Multiplayer;Survival;Submarine;Survival Horror;Horror;2D;Underwater;Simulation;Sci-fi";34,99;92,55;85462;2563860;6254;0,3
291550;Brawlhalla;17/10/2017;Action;"Free to Play;Multiplayer;Fighting;2D Fighter;2D Platformer;Casual;Local Multiplayer;Co-op;Platformer;Controller";0;79,7;405203;12156090;13607;0
1446650;BRAVELY DEFAULT II;2/9/2021;Adventure;"RPG;JRPG;Turn-Based Combat;3D;Adventure;Story Rich;Cute;Fantasy;Linear;Singleplayer";59,99;77,97;2008;60240;153;0,3
2322010;God of War Ragnarök;19/9/2024;Action;"Action;Adventure;Action-Adventure;RPG;Hack and Slash;Mythology;Cinematic;Story Rich;Action RPG;Third Person";59,99;87,04;45760;1372800;2740;0,3
3405340;Megabonk;18/9/2025;Action;"Action Roguelike;Roguelike;Bullet Hell;Roguelite;Indie;Survival;Loot;Action;Arcade;Singleplayer";9,99;93,3;101608;3048240;4706;0,3
2432860;MENACE;5/2/2026;RPG;"RPG;Turn-Based Combat;Strategy;Character Customization;Choices Matter;Turn-Based Strategy;Turn-Based Tactics;CRPG;Story Rich;Adventure";39,99;88,36;11130;333900;1545;0,3
2245620;Tangy TD;9/3/2026;Action;"Tower Defense;Strategy;Action;Singleplayer;Roguelike;2D;Funny;Tactical;Cartoony;Family Friendly";9,99;89;545;16350;45;0,3
813780;Age of Empires II: Definitive Edition;14/11/2019;Strategy;"Strategy;RTS;City Builder;Multiplayer;Base Building;Historical;Singleplayer;Medieval;Resource Management;Classic";34,99;93,79;177378;5321340;23001;0,3
952060;Resident Evil 3;2/4/2020;Action;"Action;Zombies;Horror;Female Protagonist;Multiplayer;Survival Horror;Singleplayer;Remake;Third Person;Co-op";39,99;82,16;118377;3551310;2301;0,3
1778820;TEKKEN 8;25/1/2024;Action;"Fighting;3D Fighter;Multiplayer;Action;Local Multiplayer;PvP;eSports;Arcade;Singleplayer;Competitive";59,99;53,7;71799;2153970;7177;0,3
3014080;The Hundred Line -Last Defense Academy-;23/4/2025;Adventure;"Multiple Endings;Story Rich;Visual Novel;Anime;Turn-Based Strategy;Adventure;Dark Humor;Dark Comedy;Turn-Based Tactics;Dystopian ";59,99;85,61;8304;249120;578;0,3
1790600;DRAGON BALL: Sparking! ZERO;10/10/2024;Action;"Anime;Multiplayer;Action;3D Fighter;Local Multiplayer;Fighting;PvP;Combat;Martial Arts;Singleplayer";69,99;86,59;70294;2108820;1282;0,3
1426210;It Takes Two;25/3/2021;Action;"Co-op;Multiplayer;Split Screen;Local Co-Op;Online Co-Op;Puzzle;Adventure;Story Rich;Co-op Campaign;Local Multiplayer";39,99;94,35;259645;7789350;13687;0,3
2379780;Balatro;20/2/2024;Casual;"Card Game;Roguelike;Roguelike Deckbuilder;Deckbuilding;Singleplayer;Strategy;Pixel Graphics;Replay Value;Roguelite;Indie";14,99;96,67;190159;5704770;9241;0,3
221040;Resident Evil 6;21/3/2013;Action;"Zombies;Action;Co-op;Third-Person Shooter;Horror;Co-op Campaign;Online Co-Op;Multiplayer;Adventure;Split Screen";19,99;76,66;66865;2005950;2345;0,3
1190970;House Flipper 2;14/12/2023;Casual;"Simulation;Building;Co-op;Relaxing;Design & Illustration;Casual;Online Co-Op;Family Friendly;Replay Value;Sandbox";39,99;85,01;18386;551580;3161;0,3
1722860;Munchkin Digital;9/3/2023;Action;"Dragons;Funny;Old School;Adventure;Casual;Board Game;Card Game;RPG;Tabletop;Dungeon Crawler";14,99;71,75;1556;46680;58;0,3
3070070;TCG Card Shop Simulator;15/9/2024;Simulation;"Simulation;Management;Economy;Singleplayer;Collectathon;Capitalism;Trading Card Game;Card Game;Early Access;Trading";12,99;94,81;47319;1419570;2432;0,3
380600;Fishing Planet;28/8/2017;Massively Multiplayer;"Fishing;Free to Play;Multiplayer;Simulation;Relaxing;Sports;Realistic;Massively Multiplayer;Co-op;First-Person";0;85,51;74153;2224590;4781;0
1237970;Titanfall® 2;18/6/2020;Action;"FPS;Mechs;Multiplayer;Shooter;Singleplayer;Parkour;Action;Sci-fi;First-Person;Futuristic";29,99;94,55;278998;8369940;2661;0,3
202970;Call of Duty®: Black Ops II;12/11/2012;Action;"Multiplayer;Action;FPS;Shooter;Singleplayer;First-Person;Co-op;War;Online Co-Op;Team-Based";59,99;84,82;48684;1460520;144;0,3
2849080;Kingdom Rush 5: Alliance TD;25/7/2024;Indie;"Strategy;Tower Defense;2D;Cartoon;Singleplayer;Cartoony;Fantasy;Dragons;Building;Funny";19,99;85,98;11194;335820;708;0,3
1238840;Battlefield™ 1;11/6/2020;Action;"FPS;Multiplayer;World War I;Singleplayer;War;Shooter;Action;First-Person;Historical;Atmospheric";39,99;85,5;218246;6547380;12226;0,3
2062430;BALL x PIT;15/10/2025;Action;"Action;Roguelite;Arcade;Bullet Hell;Roguelike;Action Roguelike;Shoot 'Em Up;Top-Down Shooter;2D;Pixel Graphics";14,99;93,44;24777;743310;2197;0,3
1173800;FINAL FANTASY IV;8/9/2021;RPG;"RPG;JRPG;Exploration;Party-Based RPG;2D;Lore-Rich;Turn-Based Combat;Story Rich;Class-Based;Fantasy";17,99;87,58;2836;85080;105;0,3
292120;FINAL FANTASY® XIII;9/10/2014;RPG;"JRPG;RPG;Female Protagonist;Great Soundtrack;Linear;Singleplayer;Fantasy;Story Rich;Adventure;Cinematic";15,99;73,78;19350;580500;467;0,3
594650;Hunt: Showdown 1896;27/8/2019;Action;"Extraction Shooter;Multiplayer;FPS;PvP;Team-Based;Tactical;Open World;Atmospheric;Western;Perma Death";29,99;73,42;271022;8130660;25022;0,3
312520;Rain World;28/3/2017;Action;"Difficult;Atmospheric;Survival;Exploration;Indie;Pixel Graphics;Platformer;2D;Open World;Post-apocalyptic";24,99;92,39;51364;1540920;1501;0,3
2552450;KINGDOM HEARTS III + Re Mind (DLC);13/6/2024;Action;"Action;Adventure;RPG;Singleplayer;Action RPG;JRPG;3D;Action-Adventure;Colorful;Emotional";59,99;87,18;2412;72360;457;0,3
2414270;Sunderfolk;23/4/2025;RPG;"Tactical RPG;Turn-Based Tactics;Fantasy;PvE;Party-Based RPG;Tabletop;Turn-Based Strategy;RPG;Strategy;Isometric";49,99;87,31;1924;57720;138;0,3
1203190;Wreckfest 2;20/3/2025;Racing;"Racing;Simulation;Combat Racing;Destruction;Automobile Sim;Realistic;Multiplayer;3D;Driving;First-Person";34,99;71,85;5136;154080;225;0,3
2502780;Ranger’s Path: National Park Simulator;10/3/2026;Adventure;"Simulation;Adventure;Exploration;Open World;Third Person;Family Friendly;Character Customization;Co-op;Cozy;Creature Collector";19,99;73,82;383;11490;29;0,3
1173810;FINAL FANTASY V;10/11/2021;RPG;"RPG;Singleplayer;JRPG;2D;Class-Based;Pixel Graphics;Adventure;Exploration;Party-Based RPG;Emotional";17,99;85,83;2342;70260;209;0,3
22380;Fallout: New Vegas;19/10/2010;Action;"Open World;RPG;Post-apocalyptic;Singleplayer;Moddable;Story Rich;Exploration;First-Person;Action;Adventure";9,99;94,91;256820;7704600;4895;0,3
962130;Grounded;27/9/2022;Action;"Survival;Multiplayer;Co-op;Open World Survival Craft;Base Building;Crafting;Adventure;Open World;Horror;Online Co-Op";39,99;88,41;93513;2805390;3277;0,3
2966320;Starsand Island;11/2/2026;Casual;"Early Access;Farming Sim;Life Sim;RPG;Building;Casual;Sandbox;Simulation;Crafting;Relaxing";39,99;79,84;5666;169980;1552;0,3
2624870;Life is Strange: Reunion;26/3/2026;Action;"Action;Adventure;LGBTQ+;Choose Your Own Adventure;Cinematic;Choices Matter;Third Person;Emotional;Stylized;Female Protagonist";39,99;87,35;4545;136350;350;0,3
371970;Barony;23/6/2015;Action;"Multiplayer;Dungeon Crawler;Action Roguelike;Roguelike;Online Co-Op;Local Multiplayer;Local Co-Op;Fantasy;First-Person;4 Player Local";19,99;89,17;14796;443880;1120;0,3
1205970;MX vs ATV Legends;28/6/2022;Racing;"Racing;Sports;Arcade;First-Person;3D;Realistic;Motocross;Third Person;Driving;Motorbike";39,99;77,23;4628;138840;297;0,3
1173790;FINAL FANTASY III;28/7/2021;RPG;"RPG;JRPG;Singleplayer;2D;Adventure;Class-Based;Exploration;Fantasy;Magic;Nostalgia";17,99;89,13;2669;80070;90;0,3
1363080;Manor Lords;26/4/2024;Simulation;"Strategy;Base Building;City Builder;Simulation;Grand Strategy;Historical;Colony Sim;Sandbox;Management;Building";39,99;83,33;86791;2603730;4643;0,3
1984270;Digimon Story Time Stranger;2/10/2025;RPG;"RPG;JRPG;Creature Collector;Party-Based RPG;Anime;3D;Collectathon;Cute;Time Travel;Fantasy";69,99;87,84;20894;626820;1232;0,3
1659040;HITMAN World of Assassination;20/1/2022;Action;"Stealth;Assassin;VR;Action;Singleplayer;Sandbox;Multiplayer;Violent;Shooter;Third Person";29,99;85,66;62598;1877940;4533;0,3
393380;Squad;23/9/2020;Action;"Military;Realistic;FPS;PvP;Multiplayer;PvE;Shooter;Action;Tactical;First-Person";49,99;80,39;236223;7086690;16875;0,3
285900;Gang Beasts;12/12/2017;Action;"Funny;Physics;Multiplayer;Colorful;Party Game;Local Multiplayer;Party;Fighting;Comedy;3D Fighter";19,99;84,17;64618;1938540;595;0,3
1716740;Starfield;5/9/2023;RPG;"Space;Open World;Singleplayer;RPG;Sci-fi;Exploration;First-Person;Character Customization;Story Rich;Action-Adventure";69,99;56,64;173010;5190300;11334;0,3
2643390;Star Trek: Voyager - Across the Unknown;18/2/2026;Indie;"Strategy;Interactive Fiction;Space Sim;Management;Roguelike;Choose Your Own Adventure;Aliens;Sci-fi;3D;Futuristic";34,99;77,67;4024;120720;297;0,3
65800;Dungeon Defenders;18/10/2011;Action;"Multiplayer;Online Co-Op;Tower Defense;Singleplayer;Strategy;Survival;Action RPG;Character Customization;Tactical;Family Friendly";14,99;90,96;18804;564120;458;0,3
2215430;Ghost of Tsushima DIRECTOR'S CUT;16/5/2024;Action;"Open World;Action;Story Rich;Singleplayer;Adventure;Stealth;Combat;Ninja;Third Person;Souls-like";59,99;92,47;90693;2720790;3436;0,3
47890;The Sims™ 3;27/1/2011;Simulation;"Life Sim;Simulation;Character Customization;Building;Sandbox;Singleplayer;Casual;Funny;Moddable;Romance";19,99;84,74;34043;1021290;1465;0,3
431240;Golf With Your Friends;19/5/2020;Casual;"Multiplayer;Casual;Mini Golf;Sports;Golf;Indie;Funny;Family Friendly;Co-op;Singleplayer";14,99;86,26;73205;2196150;3562;0,3
1588550;Cairn;29/1/2026;Action;"Stylized;Indie;Adventure;Exploration;Atmospheric;Singleplayer;Survival;Sports;Action-Adventure;Unforgiving";29,99;92,2;18200;546000;502;0,3
1594320;Captain of Industry;31/5/2022;Indie;"Automation;Resource Management;Base Building;Simulation;Strategy;Economy;Management;Building;Early Access;City Builder";34,99;88,02;10788;323640;4422;0,3
2358720;Black Myth: Wukong;19/8/2024;Action;"Mythology;Action RPG;Action;Souls-like;RPG;Combat;Story Rich;Singleplayer;Action-Adventure;Drama";59,99;95,85;1199231;35976930;13294;0,3
1295510;DRAGON QUEST® XI S: Echoes of an Elusive Age™ - Definitive Edition;4/12/2020;Adventure;"JRPG;Turn-Based Combat;RPG;Party-Based RPG;Story Rich;Dragons;3D;Adventure;Funny;Singleplayer";39,99;90,37;11580;347400;732;0,3
2168680;Nuclear Option;15/10/2023;Action;"Early Access;Flight;Simulation;Action;Multiplayer;Combat;Military;War;Sci-fi;Wargame";17,99;92,53;8581;257430;1123;0,3
1260320;Party Animals;20/9/2023;Action;"Multiplayer;Funny;Casual;Cute;Party Game;Co-op;Fighting;Action;PvP;Online Co-Op";19,99;78,77;77154;2314620;6398;0,3
2623190;The Elder Scrolls IV: Oblivion Remastered;22/4/2025;RPG;"RPG;Open World;Fantasy;Singleplayer;Adventure;Exploration;Character Customization;First-Person;Action RPG;Third Person";49,99;75,76;67910;2037300;1704;0,3
223750;DCS World Steam Edition;2/8/2013;Simulation;"Simulation;Flight;Free to Play;Military;Multiplayer;Realistic;VR;War;Open World;Singleplayer";0;83,57;40167;1205010;962;0
1671210;DELTARUNE;4/6/2025;Indie;"Story Rich;Great Soundtrack;Pixel Graphics;Funny;RPG;Singleplayer;Bullet Hell;Emotional;2D;Comedy";24,99;96,92;99342;2980260;1225;0,3
714010;Aimlabs;16/6/2023;Action;"Free to Play;FPS;Shooter;Simulation;Multiplayer;Singleplayer;First-Person;eSports;Action;Competitive";0;90,2;134242;4027260;7303;0
1364780;Street Fighter™ 6;1/6/2023;Action;"2D Fighter;Fighting;Character Customization;Arcade;Multiplayer;Action;Competitive;PvP;Adventure;Local Multiplayer";39,99;82,24;73492;2204760;34619;0,3
2070270;Cloudheim;4/12/2025;Action;"Early Access;Action RPG;Online Co-Op;Crafting;Physics;Action-Adventure;Adventure;Fantasy;Action;Colorful";29,99;78,93;1462;43860;174;0,3
655500;MX Bikes;7/10/2019;Racing;"Motocross;Motorbike;Multiplayer;VR;Simulation;Realistic;Offroad;Racing;Moddable;Controller";34,99;92,47;34723;1041690;3965;0,3
1466860;Age of Empires IV: Anniversary Edition;28/10/2021;Strategy;"Strategy;RTS;Base Building;War;Multiplayer;Medieval;Singleplayer;Resource Management;City Builder;Historical";39,99;84,67;92114;2763420;13640;0,3
1607250;MY HERO ULTRA RUMBLE;28/9/2023;Action;"Anime;Free to Play;Battle Royale;Multiplayer;PvP;3D Fighter;Team-Based;Action;3D;Online Co-Op";0;67,34;25436;763080;4538;0
1222680;Need for Speed™ Heat;4/6/2020;Action;"Racing;Multiplayer;Open World;Driving;Singleplayer;Action;Co-op;Adventure;Combat Racing;Atmospheric";69,99;83,19;147812;4434360;3373;0,3
3008130;Dying Light: The Beast;18/9/2025;Action;"Zombies;Open World;Multiplayer;First-Person;Parkour;Horror;Action;Co-op Campaign;Gore;Singleplayer";59,99;85,6;67290;2018700;2473;0,3
2116120;Incursion Red River;10/4/2024;Action;"Extraction Shooter;PvE;Realistic;FPS;Action;Gun Customization;Tactical;Early Access;Online Co-Op;Shooter";21,99;74,56;8327;249810;487;0,3
2747330;Species: Unknown;23/10/2025;Action;"Early Access;Horror;Online Co-Op;First-Person;Atmospheric;Aliens;Survival Horror;Stealth;Multiplayer;Exploration";9,99;91,6;6898;206940;467;0,3
2201320;Date Everything!;17/6/2025;Simulation;"LGBTQ+;Sexual Content;Dating Sim;Romance;Simulation;Singleplayer;Comedy;Multiple Endings;Choose Your Own Adventure;Cute";29,99;90,74;7053;211590;390;0,3
2429640;Throne and Liberty;1/10/2024;Action;"MMORPG;Free to Play;Open World;Massively Multiplayer;RPG;Fantasy;Character Customization;PvP;PvE;Multiplayer";0;66,7;67959;2038770;6452;0
2950340;LEGO® Harry Potter™ Collection;8/10/2024;Action;"Casual;LEGO;Action;Family Friendly;Adventure;3D Platformer;Multiplayer;Action-Adventure;Co-op;Local Co-Op";39,99;78,82;1330;39900;183;0,3
3357650;PRAGMATA;16/4/2026;Action;"Action;Cute;Sci-fi;Adventure;Third-Person Shooter;Funny;Action-Adventure;Futuristic;Robots;Third Person";59,99;95;37767;1133010;14658;0,3
3602570;Horsey Game;18/2/2026;Indie;"Simulation;Life Sim;Sandbox;Creature Collector;2D;Colorful;Pixel Graphics;Agriculture;Capitalism;Gambling";9,99;92,18;1802;54060;794;0,3
1922560;Plants vs. Zombies™ Garden Warfare 2: Deluxe Edition;16/5/2022;Action;"Zombies;PvP;Hero Shooter;Third-Person Shooter;Funny;Multiplayer;Action;Character Customization;Shooter;Team-Based";29,99;88,4;47582;1427460;1268;0,3
2507950;Delta Force;4/12/2024;Action;"Free to Play;Multiplayer;FPS;Extraction Shooter;Shooter;Singleplayer;Gun Customization;Massively Multiplayer;Co-op;PvP";0;58,06;181432;5442960;168930;0
3489700;Stellar Blade™;11/6/2025;Action;"Female Protagonist;Action;Sexual Content;Souls-like;Hack and Slash;Singleplayer;Third Person;Action RPG;Post-apocalyptic;Adventure";59,99;92,63;86211;2586330;3920;0,3
2701660;DRAGON QUEST III HD-2D Remake;14/11/2024;RPG;"RPG;JRPG;Pixel Graphics;Turn-Based Combat;Singleplayer;2.5D;Fantasy;Remake;Story Rich;Cute";59,99;75,12;4744;142320;285;0,3
1888930;The Last of Us™ Part I;28/3/2023;Action;"Story Rich;Post-apocalyptic;Zombies;Horror;Action-Adventure;Shooter;Singleplayer;Third-Person Shooter;Survival;Third Person";59,99;82,54;102453;3073590;1861;0,3
1237950;STAR WARS™ Battlefront™ II;11/6/2020;Action;"Multiplayer;Shooter;Third-Person Shooter;Singleplayer;Space;Sci-fi;Action;FPS;Co-op;Combat";39,99;86,9;95411;2862330;9383;0,3
2881650;Content Warning;1/4/2024;Action;"Horror;Online Co-Op;Procedural Generation;Exploration;Action Roguelike;Comedy;Physics;Multiplayer;Co-op;Funny";7,99;92,86;158421;4752630;1908;0,3
703080;Planet Zoo;5/11/2019;Casual;"Management;Simulation;Building;Sandbox;Nature;City Builder;Economy;Realistic;Singleplayer;Family Friendly";44,99;89,82;94500;2835000;3411;0,3
242760;The Forest;30/4/2018;Action;"Open World Survival Craft;Survival;Horror;Open World;Crafting;Adventure;Building;Survival Horror;First-Person;Action";19,99;94,74;669216;20076480;4669;0,3
1783560;The Last Caretaker;6/11/2025;Action;"Early Access;Survival;Open World;Base Building;Crafting;Exploration;Atmospheric;Simulation;Sandbox;Lore-Rich";34,99;83,37;10492;314760;1840;0,3
1863430;Dragonkin: The Banished;6/3/2025;Action;"Action;Hack and Slash;Action RPG;Adventure;RPG;Loot;Isometric;Dungeon Crawler;Early Access;Fantasy";24,99;72,12;2336;70080;206;0,3
2141730;Backrooms: Escape Together;18/10/2022;Action;"Multiplayer;Horror;Online Co-Op;Psychological Horror;Survival Horror;Co-op;Atmospheric;Realistic;Early Access;First-Person";9,99;86,74;35798;1073940;1080;0,3
1645820;SurrounDead;24/6/2022;Action;"Zombies;Survival;Open World;Post-apocalyptic;Singleplayer;RPG;Exploration;Shooter;Loot;Base Building";11,99;89,99;24454;733620;1610;0,3
1030300;Hollow Knight: Silksong;4/9/2025;Action;"Metroidvania;Difficult;Indie;Great Soundtrack;Souls-like;2D;Singleplayer;Platformer;Exploration;Female Protagonist";19,99;88,42;205447;6163410;8601;0,3
374320;DARK SOULS™ III;11/4/2016;Action;"Souls-like;Dark Fantasy;Difficult;RPG;Atmospheric;Lore-Rich;Third Person;Exploration;Story Rich;Action RPG";59,99;93,46;434324;13029720;6824;0,3
3576870;Blossom: The Seed of Life;9/3/2026;Adventure;"Open World Survival Craft;Mars;Base Building;Exploration;Robots;Sandbox;Space Sim;Building;Crafting;Open World";16,99;84,15;803;24090;145;0,3
3035120;Is This Seat Taken?;7/8/2025;Casual;"Puzzle;Casual;Relaxing;Cute;Logic;Cozy;Wholesome;Colorful;Family Friendly;Singleplayer";9,99;94,38;8146;244380;158;0,3
3180070;No, I'm not a Human;15/9/2025;Indie;"Horror;Psychological Horror;Choices Matter;Singleplayer;Indie;Story Rich;Atmospheric;Multiple Endings;Dark;First-Person";14,99;91,14;27719;831570;398;0,3
413410;Danganronpa: Trigger Happy Havoc;18/2/2016;Adventure;"Anime;Visual Novel;Detective;Mystery;Story Rich;Great Soundtrack;Singleplayer;Psychological Horror;Horror;Adventure";19,99;94,07;36545;1096350;934;0,3
1374490;RuneScape: Dragonwilds;15/4/2025;Action;"Open World;Survival;Open World Survival Craft;Multiplayer;Co-op;Online Co-Op;Early Access;Crafting;Building;Exploration";29,99;79,84;24790;743700;2068;0,3
289070;Sid Meier’s Civilization® VI;20/10/2016;Strategy;"Strategy;Turn-Based Strategy;Multiplayer;Historical;Grand Strategy;Singleplayer;Turn-Based;4X;City Builder;War";59,99;85,26;373106;11193180;40092;0,3
377840;FINAL FANTASY IX;14/4/2016;RPG;"JRPG;Story Rich;Great Soundtrack;Fantasy;RPG;Classic;Turn-Based Combat;Singleplayer;Adventure;Turn-Based";20,99;92,52;13697;410910;504;0,3
508440;Totally Accurate Battle Simulator;1/4/2021;Indie;"Sandbox;Simulation;Funny;War;Strategy;Physics;Singleplayer;Realistic;Indie;Adventure";19,99;96,49;149340;4480200;1804;0,3
292140;FINAL FANTASY® XIII-2;11/12/2014;RPG;"JRPG;RPG;Fantasy;Female Protagonist;Singleplayer;Great Soundtrack;Story Rich;Time Travel;Adventure;Anime";19,99;57,85;6215;186450;110;0,3
268910;Cuphead;29/9/2017;Action;"Difficult;Cartoon;Co-op;Platformer;Local Co-Op;Great Soundtrack;2D;Multiplayer;Indie;Hand-drawn";19,99;95,07;208734;6262020;2231;0,3
3228590;Deadzone: Rogue;11/8/2025;Action;"Roguelike;FPS;Online Co-Op;PvE;Roguelite;Looter Shooter;First-Person;Horror;Dungeon Crawler;Shooter";24,99;83,63;14837;445110;792;0,3
225540;Just Cause™ 3;30/11/2015;Action;"Open World;Action;Destruction;Multiplayer;Third-Person Shooter;Singleplayer;Shooter;Adventure;Sandbox;Third Person";19,99;83,3;126531;3795930;926;0,3
1026680;FINAL FANTASY VIII - REMASTERED;3/9/2019;Adventure;"RPG;Adventure;JRPG;Story Rich;Great Soundtrack;Turn-Based;Singleplayer;Classic;Fantasy;Turn-Based Combat";19,99;73,12;5326;159780;259;0,3
2238900;STAR OCEAN THE SECOND STORY R;2/11/2023;Action;"RPG;JRPG;Pixel Graphics;Action RPG;Action;PvE;Story Rich;2D;Multiple Endings;1990's";49,99;89,81;3864;115920;146;0,3
517630;Just Cause 4 Reloaded;4/12/2018;Action;"Open World;Action;Destruction;Singleplayer;Adventure;Sandbox;Third-Person Shooter;Shooter;Physics;Violent";0;61,38;31745;952350;232;0
1527950;Wartales;12/4/2023;Adventure;"RPG;Open World;Turn-Based Strategy;Party-Based RPG;Medieval;Turn-Based Combat;Co-op;Adventure;Tactical RPG;Strategy";34,99;84,88;34659;1039770;2508;0,3
1676840;For The King II;2/11/2023;Adventure;"Adventure;RPG;Strategy;Party-Based RPG;Board Game;Roguelike;Turn-Based Strategy;Online Co-Op;Turn-Based Combat;Roguelite";24,99;69,38;15313;459390;1344;0,3
3159330;Assassin’s Creed Shadows;19/3/2025;Action;"Action;Adventure;Open World;Female Protagonist;Ninja;Stealth;Assassin;Combat;3D;Singleplayer";69,99;75,2;36309;1089270;2236;0,3
49520;Borderlands 2;17/9/2012;Action;"Loot;Shooter;Action;Multiplayer;Co-op;Looter Shooter;FPS;RPG;First-Person;Funny";19,99;87,65;318158;9544740;3344;0,3
1173770;FINAL FANTASY;28/7/2021;RPG;"JRPG;RPG;Turn-Based Combat;Pixel Graphics;Party-Based RPG;2D;Exploration;Fantasy;Class-Based;Retro";11,99;91,97;8131;243930;148;0,3
42700;Call of Duty®: Black Ops;9/11/2010;Action;"Action;FPS;Zombies;Multiplayer;Shooter;Singleplayer;Cold War;First-Person;War;Military";39,99;89,34;42450;1273500;491;0,3
2996040;Teenage Mutant Ninja Turtles: Splintered Fate;6/11/2024;Action;"Action Roguelike;Co-op;Multiplayer;PvE;Adventure;Story Rich;Action;Controller;2.5D;Strategy";29,99;80,29;3997;119910;384;0,3
307690;Sleeping Dogs: Definitive Edition;8/10/2014;Action;"Open World;Action;Martial Arts;Crime;Singleplayer;Third Person;Story Rich;Parkour;Adventure;Multiplayer";19,99;92,51;76516;2295480;666;0,3
3364070;The Jackbox Party Pack 11;22/10/2025;Adventure;"Casual;Strategy;Party Game;Board Game;Trivia;2D;Cartoony;Colorful;Cute;Comedy";29,99;87,1;456;13680;82;0,3
304240;Resident Evil;19/1/2015;Action;"Survival Horror;Zombies;Horror;Classic;Remake;Atmospheric;Singleplayer;Puzzle;Survival;Adventure";19,99;90,44;34265;1027950;681;0,3
567640;Danganronpa V3: Killing Harmony;25/9/2017;Adventure;"Visual Novel;Detective;Female Protagonist;Anime;Story Rich;Mystery;Great Soundtrack;Singleplayer;Psychological Horror;Dark Humor";39,99;81,4;22188;665640;754;0,3
2794590;Scam Line;10/1/2026;Indie;"Indie;Multiplayer;Dark;PvP;Co-op;Funny;Online Co-Op;Casual;Puzzle;Strategy";4,99;81,1;965;28950;424;0,3
1107320;OUTBRK;28/6/2024;Action;"Simulation;Realistic;Multiplayer;Open World;Nature;Science;Early Access;Immersive Sim;Atmospheric;Adventure";34,99;78,31;3066;91980;167;0,3
1222700;A Way Out;18/6/2020;Action;"Online Co-Op;Co-op;Split Screen;Story Rich;Local Co-Op;Multiplayer;Action-Adventure;Action;Adventure;Crime";29,99;86,71;99960;2998800;1130;0,3
2567870;Chained Together;19/6/2024;Adventure;"Co-op;Adventure;Platformer;Casual;Puzzle Platformer;Multiplayer;Online Co-Op;Simulation;3D Platformer;Action-Adventure";4,99;88,58;61008;1830240;2391;0,3
552500;Warhammer: Vermintide 2;8/3/2018;Action;"Co-op;Dark Fantasy;Games Workshop;Hack and Slash;Multiplayer;Online Co-Op;PvE;Gore;First-Person;Dwarf";29,99;84,04;145950;4378500;2415;0,3
2531310;The Last of Us™ Part II Remastered;3/4/2025;Action;"Story Rich;Post-apocalyptic;Third-Person Shooter;Action-Adventure;LGBTQ+;Horror;Third Person;Action;Stealth;Emotional";49,99;89,42;49344;1480320;2337;0,3
2142790;Fields of Mistria;5/8/2024;Indie;"Early Access;Farming Sim;Dating Sim;Life Sim;RPG;Pixel Graphics;Romance;Simulation;Cute;Farming";13,99;95,59;27581;827430;1830;0,3
2101390;Lost and Found Co.;5/3/2026;Casual;"Hidden Object;Cozy;Wholesome;Casual;Creature Collector;Relaxing;Puzzle;Cute;Colorful;Hand-drawn";17,99;92,03;1929;57870;300;0,3
936790;Life is Strange: True Colors;9/9/2021;Action;"Choices Matter;Story Rich;LGBTQ+;Female Protagonist;Multiple Endings;Choose Your Own Adventure;Emotional;Romance;Third Person;Atmospheric";59,99;86,79;16586;497580;64;0,3
1127400;Mindustry;26/9/2019;Strategy;"Base Building;Tower Defense;Resource Management;Automation;Strategy;Sandbox;Multiplayer;Building;Co-op;RTS";9,99;93,61;26313;789390;1882;0,3
767560;War Robots;4/4/2018;Action;"Robots;Mechs;Free to Play;PvP;Multiplayer;Shooter;Third-Person Shooter;3D;Arena Shooter;Third Person";0;59,62;29789;893670;2103;0
400750;Call to Arms - Gates of Hell: Ostfront;11/6/2021;Action;"World War II;Strategy;Real Time Tactics;Historical;RTS;Third Person;Singleplayer;War;Moddable;Military";34,99;83,44;31485;944550;4524;0,3
924970;Back 4 Blood;12/10/2021;Action;"Zombies;Online Co-Op;Multiplayer;FPS;Shooter;Co-op;Action;Gore;Horror;Singleplayer";59,99;68,19;72451;2173530;1208;0,3
1451050;Sherman Commander;14/3/2026;Action;"Tactical;World War II;Historical;Military;Vehicular Combat;Simulation;RTS;Wargame;War;Tanks";29,99;63,61;130;3900;10;0,3
1011670;Totally Reliable Delivery Service;1/4/2021;Action;"Action;Sandbox;Physics;Funny;Casual;Co-op;Open World;Simulation;3D;Local Multiplayer";14,99;74,37;2153;64590;15;0,3
2016590;Dark and Darker;7/6/2024;Action;"Early Access;Dungeon Crawler;Multiplayer;Loot;Medieval;Extraction Shooter;PvP;RPG;Online Co-Op;Battle Royale";0;64,26;82276;2468280;10579;0
1913370;OPERATOR;1/8/2023;Action;"Early Access;Realistic;Shooter;Action;Tactical;Simulation;PvE;FPS;War;Gun Customization";19,99;81,68;5634;169020;1116;0,3
1599600;PlateUp!;4/8/2022;Action;"Co-op;Management;Cooking;Local Co-Op;Roguelite;Building;Roguelike;Cute;Procedural Generation;Funny";19,99;92,71;26117;783510;1223;0,3
1643320;S.T.A.L.K.E.R. 2: Heart of Chornobyl;20/11/2024;Action;"Open World;FPS;Post-apocalyptic;Survival;Atmospheric;Singleplayer;Shooter;Exploration;RPG;Story Rich";59,99;78,56;133199;3995970;7447;0,3
2640950;Scott Pilgrim EX;2/3/2026;Action;"Action;Adventure;Beat 'em up;Pixel Graphics;2D;Funny;Retro;Female Protagonist;4 Player Local;Local Co-Op";28,99;80,56;453;13590;18;0,3
850190;Goat Simulator 3;15/2/2024;Adventure;"Physics;Sandbox;Exploration;Open World;Simulation;Character Customization;3D;Action-Adventure;Casual;Comedy";29,99;95,12;15026;450780;337;0,3
2350790;Moonlighter 2: The Endless Vault;19/11/2025;Action;"Early Access;RPG;Shop Keeper;Action-Adventure;Roguelike;Inventory Management;Roguelite;Action;Procedural Generation;Exploration";29,99;82,79;2659;79770;136;0,3
1533390;Gorilla Tag;1/1/2023;Action;"VR;Psychological Horror;Multiplayer;First-Person;Parkour;Funny;Horror;3D;3D Platformer;Action";19,99;89,89;82785;2483550;1175;0,3
3557620;Blue Archive;3/7/2025;Adventure;"Cute;Funny;Anime;Epic;RPG;Story Rich;Strategy;Lore-Rich;Drama;Singleplayer";0;89,95;20436;613080;5690;0
2541530;AETHUS;6/3/2026;Adventure;"Survival;Base Building;Story Rich;Crafting;Mining;Open World;Exploration;Sandbox;Sci-fi;Narrative";19,99;90,54;1593;47790;292;0,3
1041720;Kingdoms of Amalur: Re-Reckoning;8/9/2020;Action;"RPG;Action;Action RPG;Open World;Singleplayer;Fantasy;Character Customization;Combat;Hack and Slash;Atmospheric";39,99;75,25;7881;236430;196;0,3
3450310;Europa Universalis V;4/11/2025;Strategy;"Grand Strategy;Resource Management;4X;Strategy;Trading;Historical;Multiplayer;Simulation;Alternate History;Wargame";59,99;70,78;27360;820800;8224;0,3
292030;The Witcher 3: Wild Hunt;18/5/2015;RPG;"Open World;RPG;Story Rich;Atmospheric;Mature;Fantasy;Adventure;Singleplayer;Nudity;Choices Matter";39,99;95,41;878795;26363850;17733;0,3
767320;Granblue Fantasy;10/3/2026;RPG;"RPG;JRPG;Party-Based RPG;2D Platformer;Online Co-Op;PvE;Turn-Based Tactics;2D;Team-Based;Story Rich";0;40,98;873;26190;284;0
1217060;Gunfire Reborn;17/11/2021;Action;"Roguelite;FPS;Roguelike;Online Co-Op;Co-op;Multiplayer;Looter Shooter;Indie;Action;RPG";19,99;91,85;102910;3087300;2145;0,3
2688950;Planet Coaster 2;6/11/2024;Simulation;"Simulation;Sandbox;Strategy;Building;City Builder;3D;Singleplayer;God Game;Economy;Realistic";49,99;71,19;13130;393900;1998;0,3
2399420;Le Mans Ultimate;22/7/2025;Racing;"Racing;Automobile Sim;Driving;Multiplayer;Realistic;VR;Simulation;Singleplayer;PvP;Immersive Sim";39,99;77,33;17119;513570;6260;0,3
2737070;Crime Simulator;17/6/2025;Action;"Multiplayer;Simulation;Crime;Online Co-Op;Heist;First-Person;FPS;Co-op Campaign;Action;Action-Adventure";14,99;80,26;5848;175440;1112;0,3
2064610;Relic Guardian - Tower Defense;22/10/2025;Adventure;"Strategy;Tower Defense;2D;Fantasy;Pixel Graphics;Cartoony;Casual;Singleplayer;Tactical;Funny";19,99;89,82;985;29550;41;0,3
345350;LIGHTNING RETURNS™: FINAL FANTASY® XIII;10/12/2015;RPG;"RPG;JRPG;Female Protagonist;Fantasy;Open World;Great Soundtrack;Singleplayer;Story Rich;Adventure;Anime";19,99;76,73;4716;141480;83;0,3
3767740;Outhold;12/12/2025;Casual;"Tower Defense;Strategy;Minimalist;Management;Relaxing;Casual;Arcade;Clicker;Shooter;Combat";6,99;81,94;1394;41820;58;0,3
1238060;Dead Space™ 3;18/6/2020;Action;"Action;Horror;Online Co-Op;Sci-fi;Co-op;Shooter;Third-Person Shooter;Survival;Space;Dark";19,99;71,54;14318;429540;315;0,3
367520;Hollow Knight;24/2/2017;Action;"Metroidvania;Platformer;Souls-like;Difficult;Great Soundtrack;2D;Indie;Singleplayer;Exploration;Atmospheric";14,99;96,03;540240;16207200;7284;0,3
3398110;The Walking Trade;5/3/2026;Indie;"Simulation;Management;Economy;Post-apocalyptic;Sandbox;Building;Capitalism;Crafting;Immersive Sim;FPS";9,99;83,74;1876;56280;1407;0,3
2943650;FragPunk;6/3/2025;Action;"Free to Play;FPS;Hero Shooter;Multiplayer;Action;Team-Based;Shooter;PvP;Futuristic;Stylized";0;73,42;49042;1471260;1369;0
1173780;FINAL FANTASY II;28/7/2021;RPG;"RPG;JRPG;Party-Based RPG;Exploration;2D;Turn-Based Combat;Fantasy;Class-Based;Pixel Graphics;Magic";11,99;79,15;3258;97740;127;0,3
3164330;Infinity Nikki;28/4/2025;Action;"Relaxing;Cute;Open World;Casual;RPG;Co-op;Multiplayer;Simulation;Life Sim;Farming Sim";0;55,27;9809;294270;2498;0
204360;Castle Crashers®;26/9/2012;Action;"2D;Online Co-Op;Co-op;Beat 'em up;Hack and Slash;Funny;Adventure;4 Player Local;Local Co-Op;Multiplayer";14,99;94,87;137010;4110300;648;0,3
1934680;Age of Mythology: Retold;4/9/2024;Strategy;"Strategy;RTS;3D;Base Building;Story Rich;Mythology;Lore-Rich;Resource Management;Singleplayer;Fantasy";29,99;88,42;22192;665760;4811;0,3
1621690;Core Keeper;27/8/2024;Action;"Open World;Survival;Exploration;Sandbox;Pixel Graphics;Multiplayer;Crafting;Building;Co-op;Base Building";19,99;91,42;64117;1923510;6605;0,3
617290;Remnant: From the Ashes;19/8/2019;Action;"Souls-like;Action;Co-op;RPG;Adventure;Third-Person Shooter;Multiplayer;Online Co-Op;Shooter;Post-apocalyptic";39,99;83,05;56533;1695990;528;0,3
1389240;Age of Empires II: Definitive Edition - Lords of the West;26/1/2021;Strategy;"Strategy;RTS;Historical";34,99;74,85;771;23130;607;0,3
1557210;Age of Empires II: Definitive Edition - Dawn of the Dukes;10/8/2021;Strategy;"Strategy;Historical;RTS";34,99;79,03;689;20670;577;0,3
1869820;Age of Empires II: Definitive Edition - Dynasties of India;28/4/2022;Strategy;"Strategy;RTS;Historical";34,99;74,15;429;12870;338;0,3
613830;CHRONO TRIGGER®;27/2/2018;RPG;"JRPG;RPG;Classic;Story Rich;Great Soundtrack;Time Travel;Singleplayer;Pixel Graphics;Retro;Turn-Based";14,99;86,03;12975;389250;305;0,3
3097300;Creature Kitchen;6/2/2026;Casual;"Puzzle;Creature Collector;Cooking;Nature;First-Person;Sandbox;Cute;3D;Relaxing;Casual";7,99;96,08;6078;182340;116;0,3
1824220;Chivalry 2;12/6/2022;Action;"Swordplay;Medieval;Massively Multiplayer;Hack and Slash;Multiplayer;Gore;Action;Historical;PvP;War";39,99;78,44;55849;1675470;2483;0,3
3274580;Anno 117: Pax Romana;12/11/2025;Simulation;"Strategy;Simulation;City Builder;Sandbox;RTS;Building;Economy;Choose Your Own Adventure;Exploration;Historical";59,99;68,77;11804;354120;4218;0,3
1569580;Blue Prince;10/4/2025;Adventure;"Puzzle;Exploration;Mystery;Investigation;Roguelite;Singleplayer;Story Rich;First-Person;Indie;Adventure";29,99;84,69;18053;541590;2036;0,3
339340;Resident Evil 0;19/1/2016;Action;"Horror;Zombies;Survival Horror;Adventure;Classic;Action;Singleplayer;Remake;Third Person;Atmospheric";19,99;78,89;18411;552330;354;0,3
880940;Pummel Party;20/9/2018;Action;"Multiplayer;Funny;4 Player Local;Online Co-Op;Party Game;Board Game;Minigames;Local Multiplayer;Co-op;Casual";14,99;87,19;56979;1709370;2692;0,3
1999360;Placid Plastic Duck Simulator;6/7/2022;Casual;"Cute;Relaxing;Collectathon;Physics;3D;Casual;Immersive Sim;Funny;Simulation;Colorful";1,99;95,18;19711;591330;150;0,3
1817070;Marvel’s Spider-Man Remastered;12/8/2022;Action;"Open World;Superhero;Action;Singleplayer;Story Rich;Adventure;Combat;Action-Adventure;Third Person;Parkour";59,99;94,66;131950;3958500;2214;0,3
1868140;DAVE THE DIVER;28/6/2023;Adventure;"Pixel Graphics;Management;Casual;Adventure;Relaxing;Exploration;Fishing;RPG;Singleplayer;Underwater";19,99;95,46;149546;4486380;8777;0,3
920560;Resident Evil 2 - Leon Costume: Arklay Sheriff;24/1/2019;Action;Action;2,99;80,36;160;4800;0;0,3
920561;Resident Evil 2 - Leon Costume: Noir;24/1/2019;Action;Action;2,99;84,58;177;5310;0;0,3
920562;Resident Evil 2 - Claire Costume: Military;24/1/2019;Action;Action;2,99;69,22;117;3510;0;0,3
920563;Resident Evil 2 - Claire Costume: Noir;24/1/2019;Action;Action;2,99;80,11;136;4080;0;0,3
920564;Resident Evil 2 - Claire Costume: Elza Walker;24/1/2019;Action;Action;2,99;83,14;235;7050;0;0,3
920567;Resident Evil 2 - Original Ver. Soundtrack Swap;24/1/2019;Action;Action;2,99;83,26;394;11820;0;0,3
920568;Resident Evil 2 - Deluxe Weapon: Samurai Edge - Albert Model;24/1/2019;Action;Action;1,99;70,62;172;5160;0;0,3
1281040;Baby Steps;23/9/2025;Action;"Walking Simulator;Action;Adventure;Comedy;Exploration;Casual;Funny;Third Person;3D;Physics";19,99;86,84;2307;69210;123;0,3
3645890;GONE Fishing;15/6/2025;Action;"Action;Adventure;Horror;Fishing;Multiplayer;3D;First-Person;Online Co-Op;Co-op;Atmospheric";9,99;86,77;2952;88560;347;0,3
620980;Beat Saber;21/5/2019;Indie;"VR;Rhythm;Music;Moddable;Fast-Paced;Difficult;Singleplayer;First-Person;Multiplayer;Swordplay";29,99;93,98;75961;2278830;479;0,3
2373990;Solo Leveling: ARISE OVERDRIVE;24/11/2025;Action;"Action;Anime;Action RPG;Online Co-Op;Combat;Story Rich;Hack and Slash;Singleplayer;RPG;PvE";39,99;69,7;7782;233460;516;0,3
1846380;Need for Speed™ Unbound;1/12/2022;Action;"Racing;Multiplayer;Open World;Driving;Action;Singleplayer;Character Customization;Combat Racing;Controller;Arcade";69,99;59,9;57544;1726320;1350;0,3
2124120;SULFUR;28/10/2024;Action;"Early Access;Stylized;Gun Customization;Difficult;Roguelite;Boomer Shooter;Dungeon Crawler;Shooter;FPS;Roguelike";23,98;84,26;8503;255090;853;0,3
1451090;Tactics Ogre: Reborn;11/11/2022;RPG;"Tactical RPG;Turn-Based Tactics;Strategy RPG;RPG;Simulation;2.5D;JRPG;Turn-Based;Fantasy;Singleplayer";49,99;71,52;4394;131820;442;0,3
2956680;LORT;21/1/2026;Action;"Early Access;Online Co-Op;Action Roguelike;Third-Person Shooter;Multiplayer;Roguelite;Action;Co-op;Singleplayer;Funny";14,99;75,5;3902;117060;334;0,3
1604030;V Rising;8/5/2024;Action;"Survival;Open World;Base Building;Multiplayer;Vampire;Crafting;Online Co-Op;PvE;PvP;Hack and Slash";34,99;87,86;132963;3988890;5395;0,3
322330;Don't Starve Together;21/4/2016;Action;"Survival;Open World Survival Craft;Multiplayer;Co-op;Open World;Adventure;Crafting;Online Co-Op;Sandbox;Difficult";14,99;94,19;530894;15926820;44209;0,3
573090;Stormworks: Build and Rescue;17/9/2020;Simulation;"Sandbox;Building;Open World;Base Building;Immersive Sim;Automation;Flight;Physics;Programming;Sailing";24,99;88,94;58118;1743540;1932;0,3
784080;MechWarrior 5: Mercenaries;26/5/2021;Action;"Mechs;Simulation;FPS;Action;Shooter;Co-op;Vehicular Combat;First-Person;Moddable;Destruction";29,99;82,84;14812;444360;1379;0,3
220200;Kerbal Space Program;27/4/2015;Indie;"Space;Simulation;Sandbox;Physics;Science;Space Sim;Building;Moddable;Education;Indie";39,99;94,11;137480;4124400;15381;0,3
2198150;Tiny Glade;23/9/2024;Casual;"Building;Design & Illustration;Relaxing;Sandbox;Cozy;Casual;Medieval;Cute;Indie;Procedural Generation";14,99;94,99;23635;709050;263;0,3
1888160;ARMORED CORE™ VI FIRES OF RUBICON™;24/8/2023;Action;"Mechs;Character Customization;Action;Robots;Third Person;Combat;Fast-Paced;Souls-like;Sci-fi;3D";59,99;90,27;83300;2499000;1378;0,3
1203220;NARAKA: BLADEPOINT;11/8/2021;Action;"Battle Royale;Multiplayer;Martial Arts;Mature;PvP;Action;Character Customization;Female Protagonist;Fighting;Massively Multiplayer";0;68,8;339835;10195050;63400;0
1757300;Jump Space;19/9/2025;Action;"Co-op;PvE;Space;FPS;Sci-fi;Action;Action Roguelike;First-Person;Exploration;Roguelite";19,99;83,94;10599;317970;462;0,3
392160;X4: Foundations;30/11/2018;Action;"Space Sim;Sandbox;Economy;Trading;Exploration;Space;Simulation;Open World;Flight;Sci-fi";49,99;78,54;28356;850680;3479;0,3
961200;Predecessor;20/8/2024;Action;"MOBA;Third Person;Action;Competitive;Sci-fi;PvP;PvE;Hero Shooter;eSports;Character Customization";0;70,85;16722;501660;1961;0
1845910;Dragon Age™: The Veilguard;31/10/2024;Action;"LGBTQ+;Fantasy;Singleplayer;RPG;Politics;Action RPG;Strategy;CRPG;Turn-Based Tactics;Character Customization";59,99;67,71;44089;1322670;817;0,3
218620;PAYDAY 2;13/8/2013;Action;"Co-op;Action;FPS;Heist;Multiplayer;Looter Shooter;Online Co-Op;Stealth;Crime;Shooter";9,99;88,61;672130;20163900;27321;0,3
1820000;Homura Hime;4/3/2026;Action;"Spectacle fighter;Bullet Hell;Hack and Slash;Female Protagonist;Action RPG;Anime;Character Action Game;3D Fighter;Cute;3D";24,99;86,17;1965;58950;58;0,3
244850;Space Engineers;28/2/2019;Action;"Sandbox;Space;Building;Survival;Simulation;Physics;Open World;Base Building;Singleplayer;Multiplayer";19,99;87,43;136323;4089690;5676;0,3
570940;DARK SOULS™: REMASTERED;23/5/2018;Action;"Souls-like;Dark Fantasy;RPG;Difficult;Action;Dark;Fantasy;Atmospheric;Great Soundtrack;Action RPG";39,99;91,25;149584;4487520;4381;0,3
2417610;METAL GEAR SOLID ?: SNAKE EATER;28/8/2025;Action;"Stealth;Action;Story Rich;Cinematic;Cold War;Remake;Military;Singleplayer;Third-Person Shooter;Action-Adventure";69,99;82,27;17595;527850;264;0,3
690790;DiRT Rally 2.0;25/2/2019;Racing;"Racing;Automobile Sim;Simulation;Multiplayer;VR;Driving;Offroad;Sports;Realistic;Singleplayer";19,99;87,2;47676;1430280;1198;0,3
3846120;MineMogul;4/12/2025;Indie;"Early Access;Automation;Building;Physics;Mining;Strategy;Simulation;Crafting;Management;Base Building";14,99;92,3;3703;111090;305;0,3
3293260;Waterpark Simulator;22/8/2025;Casual;"Early Access;Immersive Sim;Simulation;Management;Singleplayer;Economy;Sandbox;Building;Capitalism;Base Building";12,99;93,04;9816;294480;899;0,3
2325290;Sky: Children of the Light;10/4/2024;Adventure;"Early Access;Multiplayer;Cozy;Open World;Adventure;Exploration;Cute;Online Co-Op;Atmospheric;Massively Multiplayer";0;85,37;23262;697860;4797;0
2780980;LOCKDOWN Protocol;18/11/2025;Action;"Multiplayer;Social Deduction;Conversation;Space;Investigation;Action;Casual;First-Person;Sci-fi;Puzzle";9,99;84,39;19136;574080;462;0,3
881020;Granblue Fantasy: Relink;31/1/2024;Action;"Anime;Action RPG;JRPG;Online Co-Op;Action;Multiplayer;Fantasy;RPG;Female Protagonist;Singleplayer";39,99;88,54;51419;1542570;1974;0,3
965580;Root;24/9/2020;Indie;"Board Game;Tabletop;Strategy;War;Wargame;Cute;Indie;Turn-Based Strategy;Simulation;PvP";14,99;87,15;5271;158130;296;0,3
2231380;Tom Clancy's Ghost Recon® Breakpoint;23/1/2023;Action;"Open World;Shooter;Multiplayer;Co-op;Singleplayer;Military;Action;Stealth;Third-Person Shooter;Tactical";59,99;72,77;42098;1262940;1659;0,3
1766060;HumanitZ;6/2/2026;Action;"Survival;Zombies;Open World;Multiplayer;Base Building;Crafting;Sandbox;Isometric;Post-apocalyptic;PvP";19,99;73,22;12568;377040;2611;0,3
1238860;Battlefield 4™;11/6/2020;Action;"Multiplayer;FPS;Singleplayer;Shooter;Military;War;Action;First-Person;PvP;Co-op";39,99;83,73;79178;2375340;2368;0,3
774801;Crab Champions;1/4/2023;Action;"Early Access;Action Roguelike;Looter Shooter;Soundtrack;Multiplayer;Roguelike;Arcade;Third-Person Shooter;3D;Co-op";9,99;95,76;30319;909570;821;0,3
1238810;Battlefield™ V;22/10/2020;Action;"FPS;Multiplayer;Singleplayer;World War II;Shooter;War;Military;First-Person;Massively Multiplayer;PvP";49,99;70,16;265277;7958310;9172;0,3
1089090;ONE PIECE: PIRATE WARRIORS 4;14/9/2023;Action;"Anime;Hack and Slash;Beat 'em up;Pirates;Fighting;Split Screen;Action;PvP;Arcade;Multiplayer";39,99;89,64;21509;645270;546;0,3
460930;Tom Clancy's Ghost Recon® Wildlands;6/3/2017;Action;"Open World;Shooter;Multiplayer;Co-op;Stealth;Singleplayer;Tactical;Action;Military;Third-Person Shooter";49,99;78,78;104096;3122880;1394;0,3
1158160;Coral Island;14/11/2023;Adventure;"Farming Sim;Life Sim;Relaxing;Dating Sim;Simulation;Agriculture;RPG;Character Customization;Crafting;Singleplayer";29,99;86,81;26329;789870;2943;0,3
361420;ASTRONEER;5/2/2019;Adventure;"Multiplayer;Open World Survival Craft;Open World;Survival;Space;Exploration;Base Building;Co-op;Sandbox;Adventure";29,99;90,76;137781;4133430;1885;0,3
3115220;Town to City;16/9/2025;Indie;"City Builder;Cozy;Building;Voxel;Strategy;Cute;Simulation;Economy;Relaxing;Management";29,99;94,53;6065;181950;286;0,3
2273980;Orcs Must Die! Deathtrap;28/1/2025;Action;"Tower Defense;Co-op;Third-Person Shooter;Roguelite;Action;Strategy;Physics;Funny;Fantasy;PvE";29,99;69,66;4476;134280;297;0,3
2879840;Escape Simulator 2;27/10/2025;Adventure;"Logic;Co-op;Level Editor;Puzzle;Escape Room;Atmospheric;Adventure;Casual;Indie;First-Person";19,99;88,71;4129;123870;791;0,3
2104890;RoadCraft;20/5/2025;Adventure;"Simulation;Building;Driving;Physics;Online Co-Op;Adventure;Automobile Sim;Automation;Multiplayer;Nature";39,99;73,5;15520;465600;1793;0,3
1657630;Slime Rancher 2;23/9/2025;Action;"Cute;Relaxing;Singleplayer;Open World;Colorful;First-Person;Creature Collector;Adventure;Simulation;Family Friendly";29,99;92,76;47829;1434870;1623;0,3
1211020;Wobbly Life;18/9/2025;Action;"Adventure;Multiplayer;Open World;Sandbox;Simulation;Casual;Action;Funny;Co-op;Indie";23,23;95,18;33858;1015740;935;0,3
3057670;Pluto;9/3/2026;Indie;"Strategy;Card Game;Roguelike;Deckbuilding;Dark Fantasy;Atmospheric;Magic;Singleplayer;2D;Indie";17,99;86,79;390;11700;23;0,3
529930;Banned Footage Vol.1;20/2/2017;Action;"Action;Adventure;Horror;Gore";9,99;70,05;556;16680;409;0,3
530610;Banned Footage Vol.2;20/2/2017;Action;"Action;Adventure;Gore;Violent";14,99;69,9;642;19260;0;0,3
540340;Resident Evil 7 - Season Pass;25/1/2017;Action;"Action;Adventure;Horror;Violent;Gore;Survival Horror;VR";29,99;61,95;695;20850;0;0,3
564190;Not A Hero;11/12/2017;Action;"Adventure;Action;Gore;Violent;Horror;Survival Horror";0;83,26;2044;61320;3;0
1456360;Resident Evil Village - Trauma Pack;6/5/2021;Action;"Action;Gore;Violent;Horror";12,99;26,54;1103;33090;0;0,3
1731080;Resident Evil Village - Winters’ Expansion;27/10/2022;Action;"Action;Violent;Gore;Horror;Survival Horror;Third Person;Third-Person Shooter;Female Protagonist;Story Rich";19,99;63,28;3507;105210;0;0,3
530611;End of Zoe;11/12/2017;Action;"Action;Adventure;Horror";14,99;82,6;1708;51240;0;0,3
2215200;LEGO® Batman™: Legacy of the Dark Knight;29/5/2026;Action;"LEGO;Open World;Action-Adventure;3D Platformer;Comic Book;Superhero;Third Person;Action;Funny;Adventure";69,99;0;0;0;0;0,3
2646460;Soulmask;30/5/2024;Adventure;"Early Access;Open World Survival Craft;Building;Colony Sim;Resource Management;Automation;Sandbox;Open World;Survival;Hunting";29,99;76,58;20981;629430;14393;0,3
1384160;GUILTY GEAR -STRIVE-;11/6/2021;Action;"Fighting;2D Fighter;Great Soundtrack;Anime;PvP;2.5D;Arcade;Multiplayer;Lore-Rich;Action";39,99;86,79;65251;1957530;3301;0,3
686810;Hell Let Loose;27/7/2021;Action;"Shooter;Realistic;World War II;Multiplayer;FPS;Singleplayer;War;Military;Action;Tactical";49,99;80,93;146820;4404600;5808;0,3
1343400;RuneScape ®;14/10/2020;Massively Multiplayer;"Free to Play;MMORPG;Open World;Massively Multiplayer;RPG;Multiplayer;Fantasy;Character Customization;Adventure;Story Rich";0;80,58;26788;803640;2780;0
1975580;Wild Woods;9/12/2024;Action;"Early Access;Co-op;Action Roguelike;Local Co-Op;Hack and Slash;Multiplayer;Online Co-Op;Casual;Arcade;Crafting";14,99;75,59;1851;55530;67;0,3
2499860;DRAGON QUEST VII Reimagined;5/2/2026;Adventure;"RPG;JRPG;3D;Cute;Combat;Singleplayer;Turn-Based;Turn-Based Combat;Time Travel;Party-Based RPG";59,99;85,48;2484;74520;749;0,3
